,日期,指数代码,指数名称,指数英文名称,成分券代码,成分券名称,成分券英文名称,交易所,交易所英文名称,权重
0,2023-06-30,000906,中证800,CSI 800,002407,多氟多,Do-Fluoride Chemicals Co Ltd,深圳证券交易所,Shenzhen Stock Exchange,0.083
1,2023-06-30,000906,中证800,CSI 800,002408,齐翔腾达,Zibo Qixiang Tengda Chemical Co Ltd,深圳证券交易所,Shenzhen Stock Exchange,0.042
2,2023-06-30,000906,中证800,CSI 800,300012,华测检测,"CENTRE TESTING INTERNATIONAL GROUP CO., LTD.",深圳证券交易所,Shenzhen Stock Exchange,0.128
3,2023-06-30,000906,中证800,CSI 800,300014,亿纬锂能,Eve Energy Co Ltd,深圳证券交易所,Shenzhen Stock Exchange,0.289
4,2023-06-30,000906,中证800,CSI 800,300015,爱尔眼科,Aier Eye Hospital Group Co Ltd,深圳证券交易所,Shenzhen Stock Exchange,0.337
5,2023-06-30,000906,中证800,CSI 800,300017,网宿科技,"Wangsu Science and Technology Co.,Ltd.",深圳证券交易所,Shenzhen Stock Exchange,0.067
6,2023-06-30,000906,中证800,CSI 800,002500,山西证券,Shanxi Securities Co Ltd,深圳证券交易所,Shenzhen Stock Exchange,0.047
7,2023-06-30,000906,中证800,CSI 800,600131,国网信通,"State Grid Information&Communication Co.,Ltd.",上海证券交易所,Shanghai Stock Exchange,0.038
8,2023-06-30,000906,中证800,CSI 800,600157,永泰能源,"WINTIME ENERGY GROUP CO.,LTD.",上海证券交易所,Shanghai Stock Exchange,0.123
9,2023-06-30,000906,中证800,CSI 800,600150,中国船舶,China CSSC Holdings Limited,上海证券交易所,Shanghai Stock Exchange,0.286
10,2023-06-30,000906,中证800,CSI 800,600166,福田汽车,Beiqi Foton Motor Co Ltd,上海证券交易所,Shanghai Stock Exchange,0.064
11,2023-06-30,000906,中证800,CSI 800,600153,建发股份,Xiamen C&D Inc,上海证券交易所,Shanghai Stock Exchange,0.064
12,2023-06-30,000906,中证800,CSI 800,600161,天坛生物,Beijing Tiantan Biological Products Co Ltd,上海证券交易所,Shanghai Stock Exchange,0.087
13,2023-06-30,000906,中证800,CSI 800,600170,上海建工,Shanghai Construction Co Ltd,上海证券交易所,Shanghai Stock Exchange,0.065
14,2023-06-30,000906,中证800,CSI 800,600160,巨化股份,Zhejiang Ju Hua Co Ltd,上海证券交易所,Shanghai Stock Exchange,0.072
15,2023-06-30,000906,中证800,CSI 800,600188,兖矿能源,Yankuang Energy Group Company Limited,上海证券交易所,Shanghai Stock Exchange,0.107
16,2023-06-30,000906,中证800,CSI 800,600039,四川路桥,Sichuan Road&Bridge Co Ltd,上海证券交易所,Shanghai Stock Exchange,0.1
17,2023-06-30,000906,中证800,CSI 800,600900,长江电力,China Yangtze Power Co Ltd,上海证券交易所,Shanghai Stock Exchange,0.84
18,2023-06-30,000906,中证800,CSI 800,600259,广晟有色,"Rising Nonferrous Metals Share Co., Ltd.",上海证券交易所,Shanghai Stock Exchange,0.028
19,2023-06-30,000906,中证800,CSI 800,600416,湘电股份,Xiangtan Electric Manufacturing Co Ltd,上海证券交易所,Shanghai Stock Exchange,0.049
20,2023-06-30,000906,中证800,CSI 800,600377,宁沪高速,Jiangsu Expressway Co Ltd,上海证券交易所,Shanghai Stock Exchange,0.019
21,2023-06-30,000906,中证800,CSI 800,600332,白云山,GUANGZHOU BAIYUNSHAN PHARMACEUTICAL HOLDINGS COMPANY LIMITED,上海证券交易所,Shanghai Stock Exchange,0.087
22,2023-06-30,000906,中证800,CSI 800,600010,包钢股份,Inner Mongolia Baotou Steel Union Co Ltd,上海证券交易所,Shanghai Stock Exchange,0.158
23,2023-06-30,000906,中证800,CSI 800,600176,中国巨石,"CHINA JUSHI CO., LTD.",上海证券交易所,Shanghai Stock Exchange,0.132
24,2023-06-30,000906,中证800,CSI 800,600141,兴发集团,Hubei Xingfa Chemicals Group Co Ltd,上海证券交易所,Shanghai Stock Exchange,0.067
25,2023-06-30,000906,中证800,CSI 800,600208,新湖中宝,Xinhu Zhongbao Co Ltd,上海证券交易所,Shanghai Stock Exchange,0.041
26,2023-06-30,000906,中证800,CSI 800,600839,四川长虹,Sichuan Changhong Electric Co Ltd,上海证券交易所,Shanghai Stock Exchange,0.073
27,2023-06-30,000906,中证800,CSI 800,600848,上海临港,Shanghai Lingang Holdings Corporation Limited,上海证券交易所,Shanghai Stock Exchange,0.045
28,2023-06-30,000906,中证800,CSI 800,600859,王府井,"Wangfujing Group Co., Ltd.",上海证券交易所,Shanghai Stock Exchange,0.061
29,2023-06-30,000906,中证800,CSI 800,600600,青岛啤酒,Tsingtao Brewery Co Ltd,上海证券交易所,Shanghai Stock Exchange,0.143
30,2023-06-30,000906,中证800,CSI 800,600863,内蒙华电,Inner Mongolia Mengdian Huaneng Thermal Power Corp Ltd,上海证券交易所,Shanghai Stock Exchange,0.053
31,2023-06-30,000906,中证800,CSI 800,600871,石化油服,Sinopec Oilfield Service Corporation,上海证券交易所,Shanghai Stock Exchange,0.031
32,2023-06-30,000906,中证800,CSI 800,600873,梅花生物,"Meihua Holdings Group Co., Ltd",上海证券交易所,Shanghai Stock Exchange,0.072
33,2023-06-30,000906,中证800,CSI 800,600298,安琪酵母,Angel Yeast Co Ltd,上海证券交易所,Shanghai Stock Exchange,0.086
34,2023-06-30,000906,中证800,CSI 800,600315,上海家化,Shanghai Jahwa United Co Ltd,上海证券交易所,Shanghai Stock Exchange,0.038
35,2023-06-30,000906,中证800,CSI 800,600690,海尔智家,"Haier Smart Home Co., Ltd.",上海证券交易所,Shanghai Stock Exchange,0.346
36,2023-06-30,000906,中证800,CSI 800,600028,中国石化,China Petroleum & Chemical Corporation,上海证券交易所,Shanghai Stock Exchange,0.471
37,2023-06-30,000906,中证800,CSI 800,600556,天下秀,"Inmyshow Digital Technology (Group) Co., Ltd.",上海证券交易所,Shanghai Stock Exchange,0.03
38,2023-06-30,000906,中证800,CSI 800,600346,恒力石化,"Hengli Petrochemical Co.,Ltd.",上海证券交易所,Shanghai Stock Exchange,0.118
39,2023-06-30,000906,中证800,CSI 800,600195,中牧股份,China Animal Husbandry Industry Co Ltd,上海证券交易所,Shanghai Stock Exchange,0.023
40,2023-06-30,000906,中证800,CSI 800,600167,联美控股,"Luenmei Holding Co.,Ltd",上海证券交易所,Shanghai Stock Exchange,0.025
41,2023-06-30,000906,中证800,CSI 800,600126,杭钢股份,Hang Zhou Iron & Steel Co Ltd,上海证券交易所,Shanghai Stock Exchange,0.023
42,2023-06-30,000906,中证800,CSI 800,002120,韵达股份,"YUNDA Holding CO., Ltd.",深圳证券交易所,Shenzhen Stock Exchange,0.054
43,2023-06-30,000906,中证800,CSI 800,601390,中国中铁,China Railway Group Limited,上海证券交易所,Shanghai Stock Exchange,0.303
44,2023-06-30,000906,中证800,CSI 800,601098,中南传媒,China South Publishing & Media Group Co Ltd,上海证券交易所,Shanghai Stock Exchange,0.032
45,2023-06-30,000906,中证800,CSI 800,300136,信维通信,Shenzhen Sunway Communication Co Ltd,深圳证券交易所,Shenzhen Stock Exchange,0.076
46,2023-06-30,000906,中证800,CSI 800,601618,中国中冶,Metallurgical Corporation of China Co Ltd,上海证券交易所,Shanghai Stock Exchange,0.11
47,2023-06-30,000906,中证800,CSI 800,600219,南山铝业,"Shandong Nanshan Aluminium Co., Ltd.",上海证券交易所,Shanghai Stock Exchange,0.083
48,2023-06-30,000906,中证800,CSI 800,600837,海通证券,Haitong Securities Company Limited,上海证券交易所,Shanghai Stock Exchange,0.347
49,2023-06-30,000906,中证800,CSI 800,600062,华润双鹤,"CHINA RESOURCES DOUBLE-CRANE PHARMACEUTICAL CO.,LTD.",上海证券交易所,Shanghai Stock Exchange,0.028
50,2023-06-30,000906,中证800,CSI 800,600132,重庆啤酒,Chongqing Brewery Co Ltd,上海证券交易所,Shanghai Stock Exchange,0.087
51,2023-06-30,000906,中证800,CSI 800,600115,中国东航,"China Eastern Airlines Co., Ltd.",上海证券交易所,Shanghai Stock Exchange,0.127
52,2023-06-30,000906,中证800,CSI 800,600104,上汽集团,SAIC Motor Co Ltd,上海证券交易所,Shanghai Stock Exchange,0.258
53,2023-06-30,000906,中证800,CSI 800,600031,三一重工,Sany Heavy Industry Co Ltd,上海证券交易所,Shanghai Stock Exchange,0.385
54,2023-06-30,000906,中证800,CSI 800,600546,山煤国际,"Shanxi Coal International Energy Group Co., Ltd",上海证券交易所,Shanghai Stock Exchange,0.056
55,2023-06-30,000906,中证800,CSI 800,600352,浙江龙盛,Zhejiang Longsheng Group Co Ltd,上海证券交易所,Shanghai Stock Exchange,0.095
56,2023-06-30,000906,中证800,CSI 800,000958,电投产融,"SPIC Industry-Finance Holdings Co., Ltd",深圳证券交易所,Shenzhen Stock Exchange,0.027
57,2023-06-30,000906,中证800,CSI 800,000960,锡业股份,Yunnan Tin Co Ltd,深圳证券交易所,Shenzhen Stock Exchange,0.06
58,2023-06-30,000906,中证800,CSI 800,000967,盈峰环境,Infore Environment Technology Group Co. Ltd.,深圳证券交易所,Shenzhen Stock Exchange,0.025
59,2023-06-30,000906,中证800,CSI 800,000970,中科三环,Beijing Zhong Ke San Huan High-Tech Co Ltd,深圳证券交易所,Shenzhen Stock Exchange,0.049
60,2023-06-30,000906,中证800,CSI 800,000977,浪潮信息,"Inspur Electronic Information Industry Co.,Ltd",深圳证券交易所,Shenzhen Stock Exchange,0.195
61,2023-06-30,000906,中证800,CSI 800,000537,广宇发展,Tianjin Guangyu Development Co Ltd,深圳证券交易所,Shenzhen Stock Exchange,0.025
62,2023-06-30,000906,中证800,CSI 800,000547,航天发展,"Addsino Co., Ltd",深圳证券交易所,Shenzhen Stock Exchange,0.05
63,2023-06-30,000906,中证800,CSI 800,000553,安道麦A,ADAMA Ltd.,深圳证券交易所,Shenzhen Stock Exchange,0.014
64,2023-06-30,000906,中证800,CSI 800,002202,金风科技,Xinjiang Goldwind Science & Technology Co Ltd,深圳证券交易所,Shenzhen Stock Exchange,0.114
65,2023-06-30,000906,中证800,CSI 800,601179,中国西电,China XD Electric Co Ltd,上海证券交易所,Shanghai Stock Exchange,0.043
66,2023-06-30,000906,中证800,CSI 800,300059,东方财富,East Money Information Co Ltd,深圳证券交易所,Shenzhen Stock Exchange,0.701
67,2023-06-30,000906,中证800,CSI 800,002423,中粮资本,"COFCO CAPITAL HOLDINGS CO.,LTD.",深圳证券交易所,Shenzhen Stock Exchange,0.029
68,2023-06-30,000906,中证800,CSI 800,002422,科伦药业,Sichuan Kelun Pharmaceutical Co Ltd,深圳证券交易所,Shenzhen Stock Exchange,0.136
69,2023-06-30,000906,中证800,CSI 800,002463,沪电股份,Wus Printed Circuit (Kunshan) Co Ltd,深圳证券交易所,Shenzhen Stock Exchange,0.109
70,2023-06-30,000906,中证800,CSI 800,601818,光大银行,China Everbright Bank Co Ltd,上海证券交易所,Shanghai Stock Exchange,0.222
71,2023-06-30,000906,中证800,CSI 800,000987,越秀资本,"GUANGZHOU YUEXIU CAPITAL HOLDINGS GROUP CO., LTD.",深圳证券交易所,Shenzhen Stock Exchange,0.037
72,2023-06-30,000906,中证800,CSI 800,000997,新 大 陆,"Newland Digital Technology Co.,Ltd.",深圳证券交易所,Shenzhen Stock Exchange,0.061
73,2023-06-30,000906,中证800,CSI 800,600487,亨通光电,"Hengtong Optic-Electric Co.,Ltd",上海证券交易所,Shanghai Stock Exchange,0.113
74,2023-06-30,000906,中证800,CSI 800,600406,国电南瑞,"NARI Technology Co., Ltd.",上海证券交易所,Shanghai Stock Exchange,0.361
75,2023-06-30,000906,中证800,CSI 800,600021,上海电力,Shanghai Electric Power Co Ltd,上海证券交易所,Shanghai Stock Exchange,0.059
76,2023-06-30,000906,中证800,CSI 800,000830,鲁西化工,"Luxi Chemical Group Co.,Ltd.",深圳证券交易所,Shenzhen Stock Exchange,0.047
77,2023-06-30,000906,中证800,CSI 800,600755,厦门国贸,Xiamen International Trade Group Corp Ltd,上海证券交易所,Shanghai Stock Exchange,0.04
78,2023-06-30,000906,中证800,CSI 800,600760,中航沈飞,AVIC SHENYANG AIRCRAFT COMPANY LIMITED,上海证券交易所,Shanghai Stock Exchange,0.193
79,2023-06-30,000906,中证800,CSI 800,600795,国电电力,GD Power Development Co Ltd,上海证券交易所,Shanghai Stock Exchange,0.133
80,2023-06-30,000906,中证800,CSI 800,600060,海信视像,"Hisense Visual Technology Co., Ltd.",上海证券交易所,Shanghai Stock Exchange,0.076
81,2023-06-30,000906,中证800,CSI 800,600056,中国医药,"China Meheco Co.,Ltd.",上海证券交易所,Shanghai Stock Exchange,0.038
82,2023-06-30,000906,中证800,CSI 800,600061,国投资本,"SDIC Capital Co., Ltd",上海证券交易所,Shanghai Stock Exchange,0.071
83,2023-06-30,000906,中证800,CSI 800,600398,海澜之家,"Heilan Home Co.,Ltd",上海证券交易所,Shanghai Stock Exchange,0.046
84,2023-06-30,000906,中证800,CSI 800,600399,抚顺特钢,Fushun Special Steel Co Ltd,上海证券交易所,Shanghai Stock Exchange,0.063
85,2023-06-30,000906,中证800,CSI 800,600369,西南证券,Southwest Securities Co Ltd,上海证券交易所,Shanghai Stock Exchange,0.047
86,2023-06-30,000906,中证800,CSI 800,600309,万华化学,"Wanhua Chemical Group Co., Ltd.",上海证券交易所,Shanghai Stock Exchange,0.644
87,2023-06-30,000906,中证800,CSI 800,600378,昊华科技,"Haohua Chemical Science & Technology Corp., Ltd.",上海证券交易所,Shanghai Stock Exchange,0.04
88,2023-06-30,000906,中证800,CSI 800,600390,五矿资本,Minmetals Capital Company Limited,上海证券交易所,Shanghai Stock Exchange,0.047
89,2023-06-30,000906,中证800,CSI 800,600820,隧道股份,Shanghai Tunnel Engineering Co Ltd,上海证券交易所,Shanghai Stock Exchange,0.051
90,2023-06-30,000906,中证800,CSI 800,600095,湘财股份,"XIANGCAI CO.,LTD",上海证券交易所,Shanghai Stock Exchange,0.026
91,2023-06-30,000906,中证800,CSI 800,600096,云天化,Yunnan Yuntianhua Co Ltd,上海证券交易所,Shanghai Stock Exchange,0.085
92,2023-06-30,000906,中证800,CSI 800,600109,国金证券,Sinolink Securities Co. Ltd.,上海证券交易所,Shanghai Stock Exchange,0.088
93,2023-06-30,000906,中证800,CSI 800,600118,中国卫星,China Spacesat Co Ltd,上海证券交易所,Shanghai Stock Exchange,0.065
94,2023-06-30,000906,中证800,CSI 800,600111,北方稀土,"China Northern Rare Earth (Group) High-Tech Co.,Ltd",上海证券交易所,Shanghai Stock Exchange,0.236
95,2023-06-30,000906,中证800,CSI 800,600655,豫园股份,"SHANGHAI YUYUAN TOURIST MART (GROUP) CO., LTD.",上海证券交易所,Shanghai Stock Exchange,0.052
96,2023-06-30,000906,中证800,CSI 800,600667,太极实业,Wuxi Taiji Industrial Co Ltd,上海证券交易所,Shanghai Stock Exchange,0.042
97,2023-06-30,000906,中证800,CSI 800,600673,东阳光,"GUANGDONG HEC TECHNOLOGY HOLDING CO., LTD",上海证券交易所,Shanghai Stock Exchange,0.042
98,2023-06-30,000906,中证800,CSI 800,600699,均胜电子,Ningbo Joyson Electronic Corp.,上海证券交易所,Shanghai Stock Exchange,0.066
99,2023-06-30,000906,中证800,CSI 800,600809,山西汾酒,Shanxi Xinghuacun Fen Wine Factory Co Ltd,上海证券交易所,Shanghai Stock Exchange,0.352
100,2023-06-30,000906,中证800,CSI 800,600737,中粮糖业,"COFCO SUGAR HOLDING CO.,LTD.",上海证券交易所,Shanghai Stock Exchange,0.034
101,2023-06-30,000906,中证800,CSI 800,600460,士兰微,Hangzhou Silan Microelectronics Co Ltd,上海证券交易所,Shanghai Stock Exchange,0.1
102,2023-06-30,000906,中证800,CSI 800,600563,法拉电子,"Xiamen Faratronic Co.,Ltd.",上海证券交易所,Shanghai Stock Exchange,0.072
103,2023-06-30,000906,中证800,CSI 800,600030,中信证券,CITIC Securities Co Ltd,上海证券交易所,Shanghai Stock Exchange,0.752
104,2023-06-30,000906,中证800,CSI 800,600803,新奥股份,"ENN Ecological Holdings Co., Ltd.",上海证券交易所,Shanghai Stock Exchange,0.069
105,2023-06-30,000906,中证800,CSI 800,600521,华海药业,Zhejiang Huahai Pharmaceutical Co Ltd,上海证券交易所,Shanghai Stock Exchange,0.064
106,2023-06-30,000906,中证800,CSI 800,600739,辽宁成大,Liaoning Cheng Da Co Ltd,上海证券交易所,Shanghai Stock Exchange,0.055
107,2023-06-30,000906,中证800,CSI 800,002019,亿帆医药,"YIFAN PHARMACEUTICAL CO.,LTD",深圳证券交易所,Shenzhen Stock Exchange,0.042
108,2023-06-30,000906,中证800,CSI 800,600500,中化国际,Sinochem International Corp,上海证券交易所,Shanghai Stock Exchange,0.031
109,2023-06-30,000906,中证800,CSI 800,600362,江西铜业,Jiangxi Copper Co Ltd,上海证券交易所,Shanghai Stock Exchange,0.077
110,2023-06-30,000906,中证800,CSI 800,600299,安迪苏,Bluestar Adisseo Company,上海证券交易所,Shanghai Stock Exchange,0.012
111,2023-06-30,000906,中证800,CSI 800,600008,首创环保,"Beijing Capital Eco-Environment Protection GroupCo.,Ltd.",上海证券交易所,Shanghai Stock Exchange,0.049
112,2023-06-30,000906,中证800,CSI 800,600258,首旅酒店,"BTG Hotels (Group) Co., Ltd.",上海证券交易所,Shanghai Stock Exchange,0.05
113,2023-06-30,000906,中证800,CSI 800,600233,圆通速递,"YTO Express Group Co.,Ltd.",上海证券交易所,Shanghai Stock Exchange,0.098
114,2023-06-30,000906,中证800,CSI 800,600585,海螺水泥,Anhui Conch Cement Co Ltd,上海证券交易所,Shanghai Stock Exchange,0.222
115,2023-06-30,000906,中证800,CSI 800,600373,中文传媒,Chinese Universe Publishing And Media Co Ltd,上海证券交易所,Shanghai Stock Exchange,0.035
116,2023-06-30,000906,中证800,CSI 800,600350,山东高速,Shandong Hi-speed Company Limited,上海证券交易所,Shanghai Stock Exchange,0.017
117,2023-06-30,000906,中证800,CSI 800,600598,北大荒,Heilongjiang Agriculture Co Ltd,上海证券交易所,Shanghai Stock Exchange,0.037
118,2023-06-30,000906,中证800,CSI 800,600036,招商银行,China Merchants Bank Co Ltd,上海证券交易所,Shanghai Stock Exchange,1.578
119,2023-06-30,000906,中证800,CSI 800,600486,扬农化工,Jiangsu Yangnong Chemical Co Ltd,上海证券交易所,Shanghai Stock Exchange,0.063
120,2023-06-30,000906,中证800,CSI 800,600415,小商品城,Zhejiang China Commodities City Group Co Ltd,上海证券交易所,Shanghai Stock Exchange,0.091
121,2023-06-30,000906,中证800,CSI 800,600582,天地科技,Tiandi Science & Technology Co Ltd,上海证券交易所,Shanghai Stock Exchange,0.038
122,2023-06-30,000906,中证800,CSI 800,600536,中国软件,China National Software & Service Co Ltd,上海证券交易所,Shanghai Stock Exchange,0.11
123,2023-06-30,000906,中证800,CSI 800,600529,山东药玻,Shandong Pharmaceutical Glass Co Ltd,上海证券交易所,Shanghai Stock Exchange,0.056
124,2023-06-30,000906,中证800,CSI 800,600580,卧龙电驱,"Wolong Electric Group Co.,Ltd",上海证券交易所,Shanghai Stock Exchange,0.052
125,2023-06-30,000906,中证800,CSI 800,000930,中粮科技,"COFCO BIOTECHNOLOGY CO., LTD.",深圳证券交易所,Shenzhen Stock Exchange,0.029
126,2023-06-30,000906,中证800,CSI 800,000932,华菱钢铁,Hunan Valin Steel Co Ltd,深圳证券交易所,Shenzhen Stock Exchange,0.077
127,2023-06-30,000906,中证800,CSI 800,000975,银泰黄金,"Yintai Gold Co.,Ltd.",深圳证券交易所,Shenzhen Stock Exchange,0.076
128,2023-06-30,000906,中证800,CSI 800,000988,华工科技,Huagong Tech Co Ltd,深圳证券交易所,Shenzhen Stock Exchange,0.149
129,2023-06-30,000906,中证800,CSI 800,000998,隆平高科,Yuan Longping High-tech Agriculture Co Ltd,深圳证券交易所,Shenzhen Stock Exchange,0.063
130,2023-06-30,000906,中证800,CSI 800,000728,国元证券,Guoyuan Securities Company Limited,深圳证券交易所,Shenzhen Stock Exchange,0.066
131,2023-06-30,000906,中证800,CSI 800,000738,航发控制,"AECC AERO-ENGINE CONTROL CO.,LTD.",深圳证券交易所,Shenzhen Stock Exchange,0.062
132,2023-06-30,000906,中证800,CSI 800,000739,普洛药业,"Apeloa Pharmaceutical Co., Ltd.",深圳证券交易所,Shenzhen Stock Exchange,0.041
133,2023-06-30,000906,中证800,CSI 800,000750,国海证券,"Sealand Securities Co., Ltd.",深圳证券交易所,Shenzhen Stock Exchange,0.05
134,2023-06-30,000906,中证800,CSI 800,000768,中航西飞,AVIC XI'AN AIRCRAFT INDUSTRY GROUP COMPANY LTD.,深圳证券交易所,Shenzhen Stock Exchange,0.145
135,2023-06-30,000906,中证800,CSI 800,000776,广发证券,"GF Securities Co., Ltd.",深圳证券交易所,Shenzhen Stock Exchange,0.169
136,2023-06-30,000906,中证800,CSI 800,000785,居然之家,"EASYHOME NEW RETAIL GROUP CO., LTD",深圳证券交易所,Shenzhen Stock Exchange,0.029
137,2023-06-30,000906,中证800,CSI 800,000792,盐湖股份,Qinghai Salt Lake Industry Co Ltd,深圳证券交易所,Shenzhen Stock Exchange,0.405
138,2023-06-30,000906,中证800,CSI 800,600566,济川药业,"HUBEI JUMPCAN PHARMACEUTICAL CO., LTD.",上海证券交易所,Shanghai Stock Exchange,0.042
139,2023-06-30,000906,中证800,CSI 800,600498,烽火通信,Fiberhome Telecommunication Technologies Co Ltd,上海证券交易所,Shanghai Stock Exchange,0.056
140,2023-06-30,000906,中证800,CSI 800,600418,江淮汽车,Anhui Jianghuai Automobile Co Ltd,上海证券交易所,Shanghai Stock Exchange,0.086
141,2023-06-30,000906,中证800,CSI 800,600519,贵州茅台,Kweichow Moutai Co Ltd,上海证券交易所,Shanghai Stock Exchange,4.135
142,2023-06-30,000906,中证800,CSI 800,600879,航天电子,"China Aerospace Times Electronics Co.,Ltd.",上海证券交易所,Shanghai Stock Exchange,0.072
143,2023-06-30,000906,中证800,CSI 800,600875,东方电气,Dongfang Electric Corporation Limited,上海证券交易所,Shanghai Stock Exchange,0.081
144,2023-06-30,000906,中证800,CSI 800,600764,中国海防,China Shipbuilding Industry Group and Marine Defense Information Against Limited,上海证券交易所,Shanghai Stock Exchange,0.023
145,2023-06-30,000906,中证800,CSI 800,600765,中航重机,Avic Heavy Machinery Co Ltd,上海证券交易所,Shanghai Stock Exchange,0.106
146,2023-06-30,000906,中证800,CSI 800,600782,新钢股份,"Xinyu Iron & Steel Co.,Ltd.",上海证券交易所,Shanghai Stock Exchange,0.028
147,2023-06-30,000906,中证800,CSI 800,600704,物产中大,Zhejiang Material Industrial Zhongda Yuantong Group Co Ltd,上海证券交易所,Shanghai Stock Exchange,0.06
148,2023-06-30,000906,中证800,CSI 800,600718,东软集团,Neusoft Corporation,上海证券交易所,Shanghai Stock Exchange,0.035
149,2023-06-30,000906,中证800,CSI 800,600089,特变电工,TBEA Co Ltd,上海证券交易所,Shanghai Stock Exchange,0.337
150,2023-06-30,000906,中证800,CSI 800,600884,杉杉股份,Ningbo Shanshan Co Ltd,上海证券交易所,Shanghai Stock Exchange,0.067
151,2023-06-30,000906,中证800,CSI 800,600885,宏发股份,"Hongfa Technology Co., Ltd.",上海证券交易所,Shanghai Stock Exchange,0.103
152,2023-06-30,000906,中证800,CSI 800,600887,伊利股份,Inner Mongolia Yili Industrial Group Co Ltd,上海证券交易所,Shanghai Stock Exchange,0.702
153,2023-06-30,000906,中证800,CSI 800,600893,航发动力,AVIC AVIATION ENGINE CORPORATION PLC.,上海证券交易所,Shanghai Stock Exchange,0.219
154,2023-06-30,000906,中证800,CSI 800,600895,张江高科,Shanghai Zhangjiang Hi-tech Park Development Co Ltd,上海证券交易所,Shanghai Stock Exchange,0.042
155,2023-06-30,000906,中证800,CSI 800,600705,中航产融,"AVIC Industry-Finance Holdings Co., Ltd.",上海证券交易所,Shanghai Stock Exchange,0.079
156,2023-06-30,000906,中证800,CSI 800,600707,彩虹股份,Irico Display Devices Co Ltd,上海证券交易所,Shanghai Stock Exchange,0.027
157,2023-06-30,000906,中证800,CSI 800,600801,华新水泥,Huaxin Cement Co Ltd,上海证券交易所,Shanghai Stock Exchange,0.033
158,2023-06-30,000906,中证800,CSI 800,600535,天士力,"TASLY PHARMACEUTICAL GROUP CO.,LTD",上海证券交易所,Shanghai Stock Exchange,0.051
159,2023-06-30,000906,中证800,CSI 800,600597,光明乳业,Bright Dairy & Food Co Ltd,上海证券交易所,Shanghai Stock Exchange,0.028
160,2023-06-30,000906,中证800,CSI 800,600516,方大炭素,"Fangda Carbon New Material Co.,Ltd",上海证券交易所,Shanghai Stock Exchange,0.068
161,2023-06-30,000906,中证800,CSI 800,600050,中国联通,China United Network Communications Co Ltd,上海证券交易所,Shanghai Stock Exchange,0.357
162,2023-06-30,000906,中证800,CSI 800,600499,科达制造,"Keda Industrial Group Co., Ltd.",上海证券交易所,Shanghai Stock Exchange,0.06
163,2023-06-30,000906,中证800,CSI 800,600549,厦门钨业,Xiamen Tungsten Co Ltd,上海证券交易所,Shanghai Stock Exchange,0.063
164,2023-06-30,000906,中证800,CSI 800,600511,国药股份,China National Medicines Corp Ltd,上海证券交易所,Shanghai Stock Exchange,0.057
165,2023-06-30,000906,中证800,CSI 800,600085,同仁堂,Beijing Tongrentang Co Ltd,上海证券交易所,Shanghai Stock Exchange,0.154
166,2023-06-30,000906,中证800,CSI 800,000807,云铝股份,Yunnan Aluminium Co Ltd,深圳证券交易所,Shenzhen Stock Exchange,0.103
167,2023-06-30,000906,中证800,CSI 800,300142,沃森生物,Walvax Biotechnology Co Ltd,深圳证券交易所,Shenzhen Stock Exchange,0.165
168,2023-06-30,000906,中证800,CSI 800,601158,重庆水务,Chongqing Water Group Co Ltd,上海证券交易所,Shanghai Stock Exchange,0.012
169,2023-06-30,000906,中证800,CSI 800,002056,横店东磁,Hengdian Group DMEGC Magnetics Co Ltd,深圳证券交易所,Shenzhen Stock Exchange,0.058
170,2023-06-30,000906,中证800,CSI 800,002185,华天科技,Tianshui Huatian Technology Co Ltd,深圳证券交易所,Shenzhen Stock Exchange,0.092
171,2023-06-30,000906,中证800,CSI 800,000651,格力电器,"Gree Electric Appliances,Inc. of Zhuhai",深圳证券交易所,Shenzhen Stock Exchange,0.64
172,2023-06-30,000906,中证800,CSI 800,000661,长春高新,Chang Chun High and New Technology Industry (Group) Inc.,深圳证券交易所,Shenzhen Stock Exchange,0.172
173,2023-06-30,000906,中证800,CSI 800,000683,远兴能源,"Inner Mongolia Yuan Xing Energy Co.,Ltd.",深圳证券交易所,Shenzhen Stock Exchange,0.071
174,2023-06-30,000906,中证800,CSI 800,000703,恒逸石化,Hengyi Petrochemical Co Ltd,深圳证券交易所,Shenzhen Stock Exchange,0.058
175,2023-06-30,000906,中证800,CSI 800,000708,中信特钢,"CITIC Pacific Special Steel Group Co., Ltd",深圳证券交易所,Shenzhen Stock Exchange,0.062
176,2023-06-30,000906,中证800,CSI 800,000733,振华科技,China Zhenhua (Group) Science & Technology Co Ltd,深圳证券交易所,Shenzhen Stock Exchange,0.136
177,2023-06-30,000906,中证800,CSI 800,000778,新兴铸管,Xinxing Ductile Iron Pipes Co Ltd,深圳证券交易所,Shenzhen Stock Exchange,0.038
178,2023-06-30,000906,中证800,CSI 800,000858,五 粮 液,Wuliangye Yibin Co Ltd,深圳证券交易所,Shenzhen Stock Exchange,1.236
179,2023-06-30,000906,中证800,CSI 800,000878,云南铜业,Yunnan Copper Co Ltd,深圳证券交易所,Shenzhen Stock Exchange,0.052
180,2023-06-30,000906,中证800,CSI 800,002027,分众传媒,"Focus Media Information Technology Co., Ltd.",深圳证券交易所,Shenzhen Stock Exchange,0.268
181,2023-06-30,000906,中证800,CSI 800,002028,思源电气,"Siyuan Electric Co., Ltd.",深圳证券交易所,Shenzhen Stock Exchange,0.111
182,2023-06-30,000906,中证800,CSI 800,002032,苏泊尔,"Zhejiang Supor Co.,Ltd",深圳证券交易所,Shenzhen Stock Exchange,0.031
183,2023-06-30,000906,中证800,CSI 800,002050,三花智控,"ZHEJIANG SANHUA INTELLIGENT CONTROLS CO.,LTD.",深圳证券交易所,Shenzhen Stock Exchange,0.254
184,2023-06-30,000906,中证800,CSI 800,600048,保利发展,"Poly Developments and Holdings Group Co., Ltd.",上海证券交易所,Shanghai Stock Exchange,0.364
185,2023-06-30,000906,中证800,CSI 800,601398,工商银行,Industrial and Commercial Bank of China Ltd,上海证券交易所,Shanghai Stock Exchange,0.658
186,2023-06-30,000906,中证800,CSI 800,601005,重庆钢铁,Chongqing Iron & Steel Co Ltd,上海证券交易所,Shanghai Stock Exchange,0.037
187,2023-06-30,000906,中证800,CSI 800,601168,西部矿业,Western Mining Co Ltd,上海证券交易所,Shanghai Stock Exchange,0.078
188,2023-06-30,000906,中证800,CSI 800,002236,大华股份,Zhejiang Dahua Technology Co Ltd,深圳证券交易所,Shenzhen Stock Exchange,0.128
189,2023-06-30,000906,中证800,CSI 800,002249,大洋电机,Zhongshan Broad-ocean Motor Co Ltd,深圳证券交易所,Shenzhen Stock Exchange,0.037
190,2023-06-30,000906,中证800,CSI 800,002250,联化科技,Lianhe Chemical Technology Co Ltd,深圳证券交易所,Shenzhen Stock Exchange,0.03
191,2023-06-30,000906,中证800,CSI 800,601111,中国国航,Air China Ltd,上海证券交易所,Shanghai Stock Exchange,0.112
192,2023-06-30,000906,中证800,CSI 800,002064,华峰化学,"Huafon Chemical Co., Ltd.",深圳证券交易所,Shenzhen Stock Exchange,0.053
193,2023-06-30,000906,中证800,CSI 800,002065,东华软件,"DHC Software Co.,Ltd.",深圳证券交易所,Shenzhen Stock Exchange,0.062
194,2023-06-30,000906,中证800,CSI 800,002271,东方雨虹,Beijing Oriental Yuhong Waterproof Technology Co Ltd,深圳证券交易所,Shenzhen Stock Exchange,0.214
195,2023-06-30,000906,中证800,CSI 800,002475,立讯精密,"Luxshare Precision Industry Co., Ltd.",深圳证券交易所,Shenzhen Stock Exchange,0.631
196,2023-06-30,000906,中证800,CSI 800,000876,新 希 望,"NEW HOPE LIUHE CO., LTD",深圳证券交易所,Shenzhen Stock Exchange,0.103
197,2023-06-30,000906,中证800,CSI 800,002155,湖南黄金,Hunan Gold Corporation Limited,深圳证券交易所,Shenzhen Stock Exchange,0.04
198,2023-06-30,000906,中证800,CSI 800,002156,通富微电,"TongFu Microelectronics Co.,Ltd.",深圳证券交易所,Shenzhen Stock Exchange,0.093
199,2023-06-30,000906,中证800,CSI 800,601088,中国神华,China Shenhua Energy Co Ltd,上海证券交易所,Shanghai Stock Exchange,0.395
200,2023-06-30,000906,中证800,CSI 800,601766,中国中车,CRRC Corporation Limited,上海证券交易所,Shanghai Stock Exchange,0.308
201,2023-06-30,000906,中证800,CSI 800,601668,中国建筑,China State Construction Engineering Co Ltd,上海证券交易所,Shanghai Stock Exchange,0.469
202,2023-06-30,000906,中证800,CSI 800,002294,信立泰,Shenzhen Salubris Pharmaceuticals Co Ltd,深圳证券交易所,Shenzhen Stock Exchange,0.068
203,2023-06-30,000906,中证800,CSI 800,002304,洋河股份,Jiangsu Yanghe Brewery Joint-Stock Co Ltd,深圳证券交易所,Shenzhen Stock Exchange,0.308
204,2023-06-30,000906,中证800,CSI 800,002326,永太科技,Zhejiang Yongtai Technology Co Ltd,深圳证券交易所,Shenzhen Stock Exchange,0.037
205,2023-06-30,000906,中证800,CSI 800,300037,新宙邦,Shenzhen Capchem Technology Co Ltd,深圳证券交易所,Shenzhen Stock Exchange,0.105
206,2023-06-30,000906,中证800,CSI 800,300058,蓝色光标,"Bluefocus Data Technology Co., Ltd.",深圳证券交易所,Shenzhen Stock Exchange,0.094
207,2023-06-30,000906,中证800,CSI 800,601688,华泰证券,Huatai Securities Co Ltd,上海证券交易所,Shanghai Stock Exchange,0.276
208,2023-06-30,000906,中证800,CSI 800,002385,大北农,Beijing Dabeinong Technology Group Co Ltd,深圳证券交易所,Shenzhen Stock Exchange,0.085
209,2023-06-30,000906,中证800,CSI 800,002384,东山精密,Suzhou Dongshan Precision Manufacturing Co Ltd,深圳证券交易所,Shenzhen Stock Exchange,0.138
210,2023-06-30,000906,中证800,CSI 800,002092,中泰化学,"Xinjiang Zhongtai Chemical Co.,Ltd.",深圳证券交易所,Shenzhen Stock Exchange,0.052
211,2023-06-30,000906,中证800,CSI 800,601628,中国人寿,China Life Insurance Company Limited,上海证券交易所,Shanghai Stock Exchange,0.227
212,2023-06-30,000906,中证800,CSI 800,000100,TCL科技,TCL Technology Group Corporation,深圳证券交易所,Shenzhen Stock Exchange,0.23
213,2023-06-30,000906,中证800,CSI 800,600438,通威股份,Tongwei Co Ltd,上海证券交易所,Shanghai Stock Exchange,0.361
214,2023-06-30,000906,中证800,CSI 800,600497,驰宏锌锗,Yunnan Chihong Zinc&Germanium Co Ltd,上海证券交易所,Shanghai Stock Exchange,0.07
215,2023-06-30,000906,中证800,CSI 800,600967,内蒙一机,"Inner Mongolia First Machinery Group Co.,Ltd.",上海证券交易所,Shanghai Stock Exchange,0.033
216,2023-06-30,000906,中证800,CSI 800,601988,中国银行,Bank of China Ltd,上海证券交易所,Shanghai Stock Exchange,0.321
217,2023-06-30,000906,中证800,CSI 800,601808,中海油服,China Oilfield Services Limited,上海证券交易所,Shanghai Stock Exchange,0.032
218,2023-06-30,000906,中证800,CSI 800,601288,农业银行,Agricultural Bank of China Co Ltd,上海证券交易所,Shanghai Stock Exchange,0.439
219,2023-06-30,000906,中证800,CSI 800,601717,郑煤机,Zhengzhou Coal Mining Machinery Group Co Ltd,上海证券交易所,Shanghai Stock Exchange,0.045
220,2023-06-30,000906,中证800,CSI 800,000786,北新建材,Beijing New Building Materials Public Ltd Co,深圳证券交易所,Shenzhen Stock Exchange,0.097
221,2023-06-30,000906,中证800,CSI 800,000723,美锦能源,"Shanxi Meijin Energy Co.,Ltd.",深圳证券交易所,Shenzhen Stock Exchange,0.076
222,2023-06-30,000906,中证800,CSI 800,000783,长江证券,Changjiang Securities Company Limited,深圳证券交易所,Shenzhen Stock Exchange,0.087
223,2023-06-30,000906,中证800,CSI 800,600066,宇通客车,Zhengzhou Yutong Bus Co Ltd,上海证券交易所,Shanghai Stock Exchange,0.076
224,2023-06-30,000906,中证800,CSI 800,600808,马钢股份,Maanshan Iron and Steel Co Ltd,上海证券交易所,Shanghai Stock Exchange,0.024
225,2023-06-30,000906,中证800,CSI 800,600745,闻泰科技,"Wingtech Technology Co.,Ltd.",上海证券交易所,Shanghai Stock Exchange,0.166
226,2023-06-30,000906,中证800,CSI 800,600348,华阳股份,"Shan Xi Hua Yang Group New Energy Co.,Ltd.",上海证券交易所,Shanghai Stock Exchange,0.056
227,2023-06-30,000906,中证800,CSI 800,600329,达仁堂,Tianjin Pharmaceutical Da Ren Tang Group Corporation Limited,上海证券交易所,Shanghai Stock Exchange,0.05
228,2023-06-30,000906,中证800,CSI 800,600339,中油工程,China Petroleum Engineering Corporation,上海证券交易所,Shanghai Stock Exchange,0.027
229,2023-06-30,000906,中证800,CSI 800,600079,人福医药,"Humanwell Healthcare (Group) Co., Ltd.",上海证券交易所,Shanghai Stock Exchange,0.12
230,2023-06-30,000906,中证800,CSI 800,600022,山东钢铁,SHANDONG IRON AND STEEL COMPANY LTD,上海证券交易所,Shanghai Stock Exchange,0.03
231,2023-06-30,000906,中证800,CSI 800,000400,许继电气,XJ Electric Co Ltd,深圳证券交易所,Shenzhen Stock Exchange,0.063
232,2023-06-30,000906,中证800,CSI 800,600995,南网储能,"China Southern Power Grid Energy Storage Co.,Ltd",上海证券交易所,Shanghai Stock Exchange,0.015
233,2023-06-30,000906,中证800,CSI 800,002008,大族激光,"Han's Laser Technology Industry Group Co., Ltd.",深圳证券交易所,Shenzhen Stock Exchange,0.086
234,2023-06-30,000906,中证800,CSI 800,002007,华兰生物,Hualan Biological Engineering INC,深圳证券交易所,Shenzhen Stock Exchange,0.095
235,2023-06-30,000906,中证800,CSI 800,002001,新和成,Zhejiang NHU Co Ltd,深圳证券交易所,Shenzhen Stock Exchange,0.111
236,2023-06-30,000906,中证800,CSI 800,002025,航天电器,Guizhou Space Appliance Co Ltd,深圳证券交易所,Shenzhen Stock Exchange,0.068
237,2023-06-30,000906,中证800,CSI 800,002030,达安基因,Da An Gene Co Ltd of Sun Yat-Sen University,深圳证券交易所,Shenzhen Stock Exchange,0.038
238,2023-06-30,000906,中证800,CSI 800,600027,华电国际,Huadian Power International Corporation Ltd,上海证券交易所,Shanghai Stock Exchange,0.089
239,2023-06-30,000906,中证800,CSI 800,600970,中材国际,Sinoma International Engineering Co Ltd,上海证券交易所,Shanghai Stock Exchange,0.052
240,2023-06-30,000906,中证800,CSI 800,002049,紫光国微,"Unigroup Guoxin Microelectronics Co., Ltd.",深圳证券交易所,Shenzhen Stock Exchange,0.247
241,2023-06-30,000906,中证800,CSI 800,601898,中煤能源,China Coal Energy Co Ltd,上海证券交易所,Shanghai Stock Exchange,0.06
242,2023-06-30,000906,中证800,CSI 800,601117,中国化学,China National Chemical Engineering Co Ltd,上海证券交易所,Shanghai Stock Exchange,0.118
243,2023-06-30,000906,中证800,CSI 800,002192,融捷股份,"YOUNGY Co.,Ltd.",深圳证券交易所,Shenzhen Stock Exchange,0.054
244,2023-06-30,000906,中证800,CSI 800,601607,上海医药,"Shanghai Pharmaceuticals Holding Co.,Ltd",上海证券交易所,Shanghai Stock Exchange,0.097
245,2023-06-30,000906,中证800,CSI 800,002468,申通快递,"STO Express Co.,Ltd.",深圳证券交易所,Shenzhen Stock Exchange,0.032
246,2023-06-30,000906,中证800,CSI 800,601919,中远海控,"COSCO SHIPPING Holdings Co., Ltd.",上海证券交易所,Shanghai Stock Exchange,0.233
247,2023-06-30,000906,中证800,CSI 800,002368,太极股份,Taiji Computer Co Ltd,深圳证券交易所,Shenzhen Stock Exchange,0.07
248,2023-06-30,000906,中证800,CSI 800,002078,太阳纸业,Shan Dong Sun Paper Industry Joint Stock Co Ltd,深圳证券交易所,Shenzhen Stock Exchange,0.07
249,2023-06-30,000906,中证800,CSI 800,002081,金螳螂,Suzhou Gold Mantis Construction Decoration Co Ltd,深圳证券交易所,Shenzhen Stock Exchange,0.028
250,2023-06-30,000906,中证800,CSI 800,002080,中材科技,Sinoma Science & Technology Co Ltd,深圳证券交易所,Shenzhen Stock Exchange,0.054
251,2023-06-30,000906,中证800,CSI 800,601666,平煤股份,Pingdingshan Tianan Coal Mining Co Ltd,上海证券交易所,Shanghai Stock Exchange,0.041
252,2023-06-30,000906,中证800,CSI 800,300122,智飞生物,Chongqing Zhifei Biological Products Co Ltd,深圳证券交易所,Shenzhen Stock Exchange,0.206
253,2023-06-30,000906,中证800,CSI 800,300124,汇川技术,Shenzhen Inovance Technology Co Ltd,深圳证券交易所,Shenzhen Stock Exchange,0.466
254,2023-06-30,000906,中证800,CSI 800,002195,二三四五,"Shanghai 2345 Network Holding Group Co., Ltd.",深圳证券交易所,Shenzhen Stock Exchange,0.064
255,2023-06-30,000906,中证800,CSI 800,600018,上港集团,Shanghai International Port (Group) Co Ltd,上海证券交易所,Shanghai Stock Exchange,0.057
256,2023-06-30,000906,中证800,CSI 800,600637,东方明珠,"Shanghai Oriental Pearl Media Co., Ltd.",上海证券交易所,Shanghai Stock Exchange,0.062
257,2023-06-30,000906,中证800,CSI 800,600183,生益科技,"Shengyi Technology Co.,Ltd.",上海证券交易所,Shanghai Stock Exchange,0.065
258,2023-06-30,000906,中证800,CSI 800,600763,通策医疗,TOPCHOICE MEDICAL CORPORATION,上海证券交易所,Shanghai Stock Exchange,0.085
259,2023-06-30,000906,中证800,CSI 800,600383,金地集团,Gemdale Corporation,上海证券交易所,Shanghai Stock Exchange,0.089
260,2023-06-30,000906,中证800,CSI 800,600588,用友网络,"Yonyou Network Technology Co., Ltd.",上海证券交易所,Shanghai Stock Exchange,0.164
261,2023-06-30,000906,中证800,CSI 800,600528,中铁工业,China Railway Hi-tech Industry Corporation Limited,上海证券交易所,Shanghai Stock Exchange,0.051
262,2023-06-30,000906,中证800,CSI 800,600380,健康元,Joincare Pharmaceutical Group Industry Co Ltd,上海证券交易所,Shanghai Stock Exchange,0.057
263,2023-06-30,000906,中证800,CSI 800,600372,中航电子,"CHINA AVIONICS SYSTEMS CO.,LTD.",上海证券交易所,Shanghai Stock Exchange,0.133
264,2023-06-30,000906,中证800,CSI 800,600019,宝钢股份,Baoshan Iron &Steel Co Ltd,上海证券交易所,Shanghai Stock Exchange,0.195
265,2023-06-30,000906,中证800,CSI 800,600316,洪都航空,Jiangxi Hongdu Aviation Industry Co Ltd,上海证券交易所,Shanghai Stock Exchange,0.039
266,2023-06-30,000906,中证800,CSI 800,600038,中直股份,"AVIC Helicopter Co.,Ltd.",上海证券交易所,Shanghai Stock Exchange,0.046
267,2023-06-30,000906,中证800,CSI 800,600016,民生银行,China Minsheng Banking Corp Ltd,上海证券交易所,Shanghai Stock Exchange,0.362
268,2023-06-30,000906,中证800,CSI 800,600009,上海机场,Shanghai International Airport Co Ltd,上海证券交易所,Shanghai Stock Exchange,0.22
269,2023-06-30,000906,中证800,CSI 800,600011,华能国际,Huaneng Power International Inc,上海证券交易所,Shanghai Stock Exchange,0.159
270,2023-06-30,000906,中证800,CSI 800,600642,申能股份,Shenergy Co Ltd,上海证券交易所,Shanghai Stock Exchange,0.067
271,2023-06-30,000906,中证800,CSI 800,600663,陆家嘴,Shanghai Lujiazui Finance and Trade Zone Development Co Ltd,上海证券交易所,Shanghai Stock Exchange,0.034
272,2023-06-30,000906,中证800,CSI 800,600674,川投能源,Sichuan Chuantou Energy Co Ltd,上海证券交易所,Shanghai Stock Exchange,0.131
273,2023-06-30,000906,中证800,CSI 800,002459,晶澳科技,"JA Solar Technology Co., Ltd.",深圳证券交易所,Shenzhen Stock Exchange,0.268
274,2023-06-30,000906,中证800,CSI 800,002460,赣锋锂业,Ganfeng Lithium Co Ltd,深圳证券交易所,Shenzhen Stock Exchange,0.268
275,2023-06-30,000906,中证800,CSI 800,601718,际华集团,Jihua Group Co Ltd,上海证券交易所,Shanghai Stock Exchange,0.025
276,2023-06-30,000906,中证800,CSI 800,000338,潍柴动力,Wei Chai Power Co Ltd,深圳证券交易所,Shenzhen Stock Exchange,0.263
277,2023-06-30,000906,中证800,CSI 800,002131,利欧股份,"LEO GROUP CO., LTD.",深圳证券交易所,Shenzhen Stock Exchange,0.06
278,2023-06-30,000906,中证800,CSI 800,601998,中信银行,China Citic Bank Corporation Limited,上海证券交易所,Shanghai Stock Exchange,0.071
279,2023-06-30,000906,中证800,CSI 800,601600,中国铝业,Aluminum Corporation of China Limited,上海证券交易所,Shanghai Stock Exchange,0.169
280,2023-06-30,000906,中证800,CSI 800,002138,顺络电子,Shenzhen Sunlord Electronics Co Ltd,深圳证券交易所,Shenzhen Stock Exchange,0.075
281,2023-06-30,000906,中证800,CSI 800,002487,大金重工,Dajin Heavy Industry Co Ltd,深圳证券交易所,Shenzhen Stock Exchange,0.038
282,2023-06-30,000906,中证800,CSI 800,002010,传化智联,"Transfar Zhilian Co.,Ltd.",深圳证券交易所,Shenzhen Stock Exchange,0.029
283,2023-06-30,000906,中证800,CSI 800,600482,中国动力,"China Shipbuilding Industry Group Power Co.,Ltd",上海证券交易所,Shanghai Stock Exchange,0.099
284,2023-06-30,000906,中证800,CSI 800,601866,中远海发,"COSCO SHIPPING Development Co.,Ltd.",上海证券交易所,Shanghai Stock Exchange,0.038
285,2023-06-30,000906,中证800,CSI 800,600196,复星医药,Shanghai Fosun Pharmaceutical (Group) Co Ltd,上海证券交易所,Shanghai Stock Exchange,0.153
286,2023-06-30,000906,中证800,CSI 800,600155,华创云信,"Polaris Bay Group Co.,Ltd.",上海证券交易所,Shanghai Stock Exchange,0.033
287,2023-06-30,000906,中证800,CSI 800,600171,上海贝岭,Shanghai Belling Corp Ltd,上海证券交易所,Shanghai Stock Exchange,0.04
288,2023-06-30,000906,中证800,CSI 800,600282,南钢股份,Nanjing Iron & Steel Co Ltd,上海证券交易所,Shanghai Stock Exchange,0.04
289,2023-06-30,000906,中证800,CSI 800,600276,恒瑞医药,Jiangsu Hengrui Medicine Co Ltd,上海证券交易所,Shanghai Stock Exchange,0.833
290,2023-06-30,000906,中证800,CSI 800,600297,广汇汽车,"China Grand Automotive Services Co., Ltd.",上海证券交易所,Shanghai Stock Exchange,0.033
291,2023-06-30,000906,中证800,CSI 800,600000,浦发银行,Shanghai Pudong Development Bank Co Ltd,上海证券交易所,Shanghai Stock Exchange,0.331
292,2023-06-30,000906,中证800,CSI 800,600177,雅戈尔,Youngor Group Co Ltd,上海证券交易所,Shanghai Stock Exchange,0.068
293,2023-06-30,000906,中证800,CSI 800,600426,华鲁恒升,Shandong Hualu-Hengsheng Chemical Co Ltd,上海证券交易所,Shanghai Stock Exchange,0.177
294,2023-06-30,000906,中证800,CSI 800,601899,紫金矿业,Zijin Mining Group Co Ltd,上海证券交易所,Shanghai Stock Exchange,0.729
295,2023-06-30,000906,中证800,CSI 800,002430,杭氧股份,"HANGZHOU OXYGEN PLANT GROUP CO., LTD.",深圳证券交易所,Shenzhen Stock Exchange,0.066
296,2023-06-30,000906,中证800,CSI 800,002429,兆驰股份,Shenzhen MTC Co Ltd,深圳证券交易所,Shenzhen Stock Exchange,0.048
297,2023-06-30,000906,中证800,CSI 800,002432,九安医疗,Andon Health Co Ltd,深圳证券交易所,Shenzhen Stock Exchange,0.053
298,2023-06-30,000906,中证800,CSI 800,600998,九州通,Jointown Pharmaceutical Group Co Ltd,上海证券交易所,Shanghai Stock Exchange,0.056
299,2023-06-30,000906,中证800,CSI 800,002493,荣盛石化,Rongsheng Petro Chemical Co Ltd,深圳证券交易所,Shenzhen Stock Exchange,0.138
300,2023-06-30,000906,中证800,CSI 800,002466,天齐锂业,"Tianqi Lithium Industries, Inc.",深圳证券交易所,Shenzhen Stock Exchange,0.281
301,2023-06-30,000906,中证800,CSI 800,002505,鹏都农牧,"PENGDU AGRICULTURE & ANIMAL HUSBANDRY CO.,LTD.",深圳证券交易所,Shenzhen Stock Exchange,0.028
302,2023-06-30,000906,中证800,CSI 800,002506,协鑫集成,"GCL System Integration Technology Co., Ltd.",深圳证券交易所,Shenzhen Stock Exchange,0.053
303,2023-06-30,000906,中证800,CSI 800,002203,海亮股份,Zhejiang Hailiang Co Ltd,深圳证券交易所,Shenzhen Stock Exchange,0.056
304,2023-06-30,000906,中证800,CSI 800,002110,三钢闽光,"Sansteel Minguang Co.,Ltd.Fujian",深圳证券交易所,Shenzhen Stock Exchange,0.02
305,2023-06-30,000906,中证800,CSI 800,002273,水晶光电,"Zhejiang Crystal-Optech Co., Ltd",深圳证券交易所,Shenzhen Stock Exchange,0.065
306,2023-06-30,000906,中证800,CSI 800,601888,中国中免,China Tourism Group Duty Free Corporation Limited,上海证券交易所,Shanghai Stock Exchange,0.42
307,2023-06-30,000906,中证800,CSI 800,300070,碧水源,Beijing Originwater Technology Co Ltd,深圳证券交易所,Shenzhen Stock Exchange,0.045
308,2023-06-30,000906,中证800,CSI 800,002409,雅克科技,Jiangsu Yoke Technology Co Ltd,深圳证券交易所,Shenzhen Stock Exchange,0.081
309,2023-06-30,000906,中证800,CSI 800,002410,广联达,Glodon Software Co Ltd,深圳证券交易所,Shenzhen Stock Exchange,0.169
310,2023-06-30,000906,中证800,CSI 800,002183,怡亚通,Eternal Asia Supply Chain Management Ltd,深圳证券交易所,Shenzhen Stock Exchange,0.036
311,2023-06-30,000906,中证800,CSI 800,002180,纳思达,Ninestar Corporation,深圳证券交易所,Shenzhen Stock Exchange,0.132
312,2023-06-30,000906,中证800,CSI 800,002266,浙富控股,"ZHEFU HOLDING GROUP CO., LTD",深圳证券交易所,Shenzhen Stock Exchange,0.042
313,2023-06-30,000906,中证800,CSI 800,601877,正泰电器,Zhejiang Chint Electrics Co Ltd,上海证券交易所,Shanghai Stock Exchange,0.116
314,2023-06-30,000906,中证800,CSI 800,002281,光迅科技,Accelink Technologies Co Ltd,深圳证券交易所,Shenzhen Stock Exchange,0.057
315,2023-06-30,000906,中证800,CSI 800,300001,特锐德,Qingdao TGOOD Electric Co Ltd,深圳证券交易所,Shenzhen Stock Exchange,0.059
316,2023-06-30,000906,中证800,CSI 800,300003,乐普医疗,Lepu Medical Technology (Beijing) Co Ltd,深圳证券交易所,Shenzhen Stock Exchange,0.116
317,2023-06-30,000906,中证800,CSI 800,300009,安科生物,Anhui Anke Biotechnology (Group) Co Ltd,深圳证券交易所,Shenzhen Stock Exchange,0.046
318,2023-06-30,000906,中证800,CSI 800,002221,东华能源,Oriental Energy Co Ltd,深圳证券交易所,Shenzhen Stock Exchange,0.037
319,2023-06-30,000906,中证800,CSI 800,002230,科大讯飞,"Iflytek Co.,Ltd.",深圳证券交易所,Shenzhen Stock Exchange,0.49
320,2023-06-30,000906,中证800,CSI 800,002497,雅化集团,Sichuan Yahua Industrial Group Co Ltd,深圳证券交易所,Shenzhen Stock Exchange,0.08
321,2023-06-30,000906,中证800,CSI 800,601872,招商轮船,"China Merchants Energy Shipping Co., Ltd.",上海证券交易所,Shanghai Stock Exchange,0.073
322,2023-06-30,000906,中证800,CSI 800,601991,大唐发电,"Datang International Power Generation Co.,Ltd.",上海证券交易所,Shanghai Stock Exchange,0.048
323,2023-06-30,000906,中证800,CSI 800,601166,兴业银行,Industrial Bank,上海证券交易所,Shanghai Stock Exchange,0.886
324,2023-06-30,000906,中证800,CSI 800,601601,中国太保,China Pacific Insurance (Group) Co Ltd,上海证券交易所,Shanghai Stock Exchange,0.346
325,2023-06-30,000906,中证800,CSI 800,002299,圣农发展,Fujian Sunner Development Co Ltd,深圳证券交易所,Shenzhen Stock Exchange,0.056
326,2023-06-30,000906,中证800,CSI 800,600999,招商证券,China Merchants Securities Co Ltd,上海证券交易所,Shanghai Stock Exchange,0.196
327,2023-06-30,000906,中证800,CSI 800,002373,千方科技,Surekam Corporation,深圳证券交易所,Shenzhen Stock Exchange,0.059
328,2023-06-30,000906,中证800,CSI 800,002372,伟星新材,Zhejiang Weixing New Building Materials Co Ltd,深圳证券交易所,Shenzhen Stock Exchange,0.064
329,2023-06-30,000906,中证800,CSI 800,300073,当升科技,Beijing Easpring Material Technology Co Ltd,深圳证券交易所,Shenzhen Stock Exchange,0.079
330,2023-06-30,000906,中证800,CSI 800,601000,唐山港,Tangshan Port Group Co Ltd,上海证券交易所,Shanghai Stock Exchange,0.041
331,2023-06-30,000906,中证800,CSI 800,002414,高德红外,Wuhan Guide Infrared Co Ltd,深圳证券交易所,Shenzhen Stock Exchange,0.052
332,2023-06-30,000906,中证800,CSI 800,002179,中航光电,"AVIC Jonhon Optronic Technology Co.,Ltd.",深圳证券交易所,Shenzhen Stock Exchange,0.225
333,2023-06-30,000906,中证800,CSI 800,601788,光大证券,Everbright Securities Co Ltd,上海证券交易所,Shanghai Stock Exchange,0.121
334,2023-06-30,000906,中证800,CSI 800,002142,宁波银行,Bank of Ningbo Co Ltd,深圳证券交易所,Shenzhen Stock Exchange,0.39
335,2023-06-30,000906,中证800,CSI 800,601009,南京银行,Bank of Nanjing Co Ltd,上海证券交易所,Shanghai Stock Exchange,0.161
336,2023-06-30,000906,中证800,CSI 800,002074,国轩高科,"GUOXUAN HIGH-TECH CO.,LTD.",深圳证券交易所,Shenzhen Stock Exchange,0.115
337,2023-06-30,000906,中证800,CSI 800,600606,绿地控股,Greenland Holdings Corporation Limited,上海证券交易所,Shanghai Stock Exchange,0.045
338,2023-06-30,000906,中证800,CSI 800,600623,华谊集团,Shanghai Huayi Group Corporation Limited,上海证券交易所,Shanghai Stock Exchange,0.018
339,2023-06-30,000906,中证800,CSI 800,600660,福耀玻璃,"Fuyao Glass Industry Group Co.,Ltd",上海证券交易所,Shanghai Stock Exchange,0.224
340,2023-06-30,000906,中证800,CSI 800,600732,爱旭股份,"Shanghai Aiko Solar Energy Co., Ltd.",上海证券交易所,Shanghai Stock Exchange,0.131
341,2023-06-30,000906,中证800,CSI 800,600741,华域汽车,HUAYU Automotive Systems Company Limited,上海证券交易所,Shanghai Stock Exchange,0.113
342,2023-06-30,000906,中证800,CSI 800,600754,锦江酒店,"Shanghai Jin Jiang International Hotels Co.,Ltd.",上海证券交易所,Shanghai Stock Exchange,0.075
343,2023-06-30,000906,中证800,CSI 800,600827,百联股份,"Shanghai Bailian Group Co.,Ltd.",上海证券交易所,Shanghai Stock Exchange,0.042
344,2023-06-30,000906,中证800,CSI 800,600845,宝信软件,Shanghai Baosight Software Co Ltd,上海证券交易所,Shanghai Stock Exchange,0.142
345,2023-06-30,000906,中证800,CSI 800,600862,中航高科,"Avic Aviation High-Technology Co., Ltd.",上海证券交易所,Shanghai Stock Exchange,0.082
346,2023-06-30,000906,中证800,CSI 800,600867,通化东宝,"Tonghua Dongbao Pharmaceutical Co.,Ltd.",上海证券交易所,Shanghai Stock Exchange,0.057
347,2023-06-30,000906,中证800,CSI 800,600886,国投电力,"SDIC Power Holdings Co.,Ltd.",上海证券交易所,Shanghai Stock Exchange,0.147
348,2023-06-30,000906,中证800,CSI 800,002352,顺丰控股,"S.F. Holding Co., Ltd.",深圳证券交易所,Shenzhen Stock Exchange,0.43
349,2023-06-30,000906,中证800,CSI 800,002353,杰瑞股份,Yantai Jereh Oilfield Services Group Co Ltd,深圳证券交易所,Shenzhen Stock Exchange,0.06
350,2023-06-30,000906,中证800,CSI 800,601699,潞安环能,Shanxi Lu'an Environmental Energy Development Co Ltd,上海证券交易所,Shanghai Stock Exchange,0.076
351,2023-06-30,000906,中证800,CSI 800,002128,电投能源,INNER MONGOLIA DIAN TOU ENERGY CORPORATION LIMITED,深圳证券交易所,Shenzhen Stock Exchange,0.046
352,2023-06-30,000906,中证800,CSI 800,002252,上海莱士,Shanghai RAAS Blood Products Co Ltd,深圳证券交易所,Shenzhen Stock Exchange,0.138
353,2023-06-30,000906,中证800,CSI 800,601989,中国重工,China Shipbuilding Industry Co Ltd,上海证券交易所,Shanghai Stock Exchange,0.214
354,2023-06-30,000906,中证800,CSI 800,300033,同花顺,"Hithink Royalflush Information Network Co.,Ltd.",深圳证券交易所,Shenzhen Stock Exchange,0.147
355,2023-06-30,000906,中证800,CSI 800,601139,深圳燃气,Shenzhen Gas Co Ltd,上海证券交易所,Shanghai Stock Exchange,0.016
356,2023-06-30,000906,中证800,CSI 800,002444,巨星科技,Hangzhou Great Star Industrial Co Ltd,深圳证券交易所,Shenzhen Stock Exchange,0.061
357,2023-06-30,000906,中证800,CSI 800,002465,海格通信,Guangzhou Haige Communications Group Incorporated Company,深圳证券交易所,Shenzhen Stock Exchange,0.074
358,2023-06-30,000906,中证800,CSI 800,601857,中国石油,PetroChina Co Ltd,上海证券交易所,Shanghai Stock Exchange,0.33
359,2023-06-30,000906,中证800,CSI 800,002223,鱼跃医疗,Jiangsu Yuyue Medical Equipment & Supply Co Ltd,深圳证券交易所,Shenzhen Stock Exchange,0.084
360,2023-06-30,000906,中证800,CSI 800,002240,盛新锂能,"Shenzhen Chengxin Lithium Group Co., Ltd.",深圳证券交易所,Shenzhen Stock Exchange,0.079
361,2023-06-30,000906,中证800,CSI 800,601106,中国一重,China First Heavy Industries Co Ltd,上海证券交易所,Shanghai Stock Exchange,0.036
362,2023-06-30,000906,中证800,CSI 800,601186,中国铁建,China Railway Construction Co Ltd,上海证券交易所,Shanghai Stock Exchange,0.176
363,2023-06-30,000906,中证800,CSI 800,300115,长盈精密,Shenzhen Evenwin Precision Technology Co Ltd,深圳证券交易所,Shenzhen Stock Exchange,0.039
364,2023-06-30,000906,中证800,CSI 800,300118,东方日升,Risen Energy Co Ltd,深圳证券交易所,Shenzhen Stock Exchange,0.068
365,2023-06-30,000906,中证800,CSI 800,601939,建设银行,China Construction Bank,上海证券交易所,Shanghai Stock Exchange,0.164
366,2023-06-30,000906,中证800,CSI 800,002340,格林美,Shenzhen Green Eco-manufacture Hi-tech Co Ltd,深圳证券交易所,Shenzhen Stock Exchange,0.138
367,2023-06-30,000906,中证800,CSI 800,601318,中国平安,Ping An Insurance (Group) Company of China Ltd,上海证券交易所,Shanghai Stock Exchange,1.957
368,2023-06-30,000906,中证800,CSI 800,002129,TCL中环,"TCL Zhonghuan Renewable Energy Technology Co., Ltd.",深圳证券交易所,Shenzhen Stock Exchange,0.418
369,2023-06-30,000906,中证800,CSI 800,601958,金钼股份,Jinduicheng Molybdenum Co Ltd,上海证券交易所,Shanghai Stock Exchange,0.042
370,2023-06-30,000906,中证800,CSI 800,601006,大秦铁路,Daqin Railway Co Ltd,上海证券交易所,Shanghai Stock Exchange,0.172
371,2023-06-30,000906,中证800,CSI 800,300024,机器人,Siasun Robot & Automation Co Ltd,深圳证券交易所,Shenzhen Stock Exchange,0.08
372,2023-06-30,000906,中证800,CSI 800,300026,红日药业,Tianjin Chase Sun Pharmaceutical Co Ltd,深圳证券交易所,Shenzhen Stock Exchange,0.044
373,2023-06-30,000906,中证800,CSI 800,002152,广电运通,GRG Banking Equipment Co Ltd,深圳证券交易所,Shenzhen Stock Exchange,0.057
374,2023-06-30,000906,中证800,CSI 800,002153,石基信息,Beijing Shiji Information Technology Co Ltd,深圳证券交易所,Shenzhen Stock Exchange,0.045
375,2023-06-30,000906,中证800,CSI 800,002268,电科网安,"CETC Cyberspace Security Technology Co.,Ltd.",深圳证券交易所,Shenzhen Stock Exchange,0.064
376,2023-06-30,000906,中证800,CSI 800,002415,海康威视,Hangzhou Hikvision Digital Technology Co Ltd,深圳证券交易所,Shenzhen Stock Exchange,0.603
377,2023-06-30,000906,中证800,CSI 800,000709,河钢股份,HESTEEL COMPANY LIMITED,深圳证券交易所,Shenzhen Stock Exchange,0.036
378,2023-06-30,000906,中证800,CSI 800,601377,兴业证券,Industrial Securities Co Ltd,上海证券交易所,Shanghai Stock Exchange,0.165
379,2023-06-30,000906,中证800,CSI 800,000800,一汽解放,"FAW Jiefang Group Co., Ltd",深圳证券交易所,Shenzhen Stock Exchange,0.03
380,2023-06-30,000906,中证800,CSI 800,000825,太钢不锈,Shanxi Taigang Stainless Steel Co Ltd,深圳证券交易所,Shenzhen Stock Exchange,0.035
381,2023-06-30,000906,中证800,CSI 800,000831,中国稀土,"CHINA RARE EARTH RESOURCES AND TECHNOLOGY CO., LTD.",深圳证券交易所,Shenzhen Stock Exchange,0.068
382,2023-06-30,000906,中证800,CSI 800,000898,鞍钢股份,Angang Steel Co Ltd,深圳证券交易所,Shenzhen Stock Exchange,0.026
383,2023-06-30,000906,中证800,CSI 800,002371,北方华创,"NAURA Technology Group Co.,Ltd.",深圳证券交易所,Shenzhen Stock Exchange,0.327
384,2023-06-30,000906,中证800,CSI 800,002399,海普瑞,Shenzhen Hepalink Pharmaceutical Co Ltd,深圳证券交易所,Shenzhen Stock Exchange,0.017
385,2023-06-30,000906,中证800,CSI 800,002241,歌尔股份,GoerTek Inc,深圳证券交易所,Shenzhen Stock Exchange,0.165
386,2023-06-30,000906,中证800,CSI 800,002311,海大集团,Guangdong Haid Group Co Ltd,深圳证券交易所,Shenzhen Stock Exchange,0.151
387,2023-06-30,000906,中证800,CSI 800,300088,长信科技,Wuhu Token Science Co Ltd,深圳证券交易所,Shenzhen Stock Exchange,0.058
388,2023-06-30,000906,中证800,CSI 800,601328,交通银行,Bank of Communications Co LTD,上海证券交易所,Shanghai Stock Exchange,0.62
389,2023-06-30,000906,中证800,CSI 800,601169,北京银行,Bank of Beijing Co Ltd,上海证券交易所,Shanghai Stock Exchange,0.267
390,2023-06-30,000906,中证800,CSI 800,000869,张  裕A,Yantai Changyu Pioneer Wine Co Ltd,深圳证券交易所,Shenzhen Stock Exchange,0.016
391,2023-06-30,000906,中证800,CSI 800,000877,天山股份,Xinjiang Tianshan Cement Co Ltd,深圳证券交易所,Shenzhen Stock Exchange,0.055
392,2023-06-30,000906,中证800,CSI 800,000883,湖北能源,Hubei Energy Group Co Ltd,深圳证券交易所,Shenzhen Stock Exchange,0.035
393,2023-06-30,000906,中证800,CSI 800,000887,中鼎股份,"Anhui Zhongding Sealing Parts Co.,Ltd.",深圳证券交易所,Shenzhen Stock Exchange,0.04
394,2023-06-30,000906,中证800,CSI 800,000893,亚钾国际,"Asia-Potash International Investment (Guangzhou) Co., Ltd.",深圳证券交易所,Shenzhen Stock Exchange,0.05
395,2023-06-30,000906,中证800,CSI 800,000895,双汇发展,Henan Shuanghui Investment & Development Co Ltd,深圳证券交易所,Shenzhen Stock Exchange,0.099
396,2023-06-30,000906,中证800,CSI 800,600143,金发科技,Kingfa Sci&Tech Co Ltd,上海证券交易所,Shanghai Stock Exchange,0.063
397,2023-06-30,000906,中证800,CSI 800,000938,紫光股份,"Unisplendour Co., Ltd.",深圳证券交易所,Shenzhen Stock Exchange,0.284
398,2023-06-30,000906,中证800,CSI 800,600271,航天信息,"Aisino Co.,Ltd",上海证券交易所,Shanghai Stock Exchange,0.059
399,2023-06-30,000906,中证800,CSI 800,600547,山东黄金,Shandong Gold-Mining Co Ltd,上海证券交易所,Shanghai Stock Exchange,0.165
400,2023-06-30,000906,中证800,CSI 800,600015,华夏银行,Hua Xia Bank Co Ltd,上海证券交易所,Shanghai Stock Exchange,0.134
401,2023-06-30,000906,中证800,CSI 800,600517,国网英大,"STATE GRID YINGDA CO.,LTD.",上海证券交易所,Shanghai Stock Exchange,0.038
402,2023-06-30,000906,中证800,CSI 800,600436,片仔癀,Zhangzhou Pientzehuang Pharmaceutical Co Ltd,上海证券交易所,Shanghai Stock Exchange,0.336
403,2023-06-30,000906,中证800,CSI 800,600029,南方航空,China Southern Airlines Co Ltd,上海证券交易所,Shanghai Stock Exchange,0.127
404,2023-06-30,000906,中证800,CSI 800,600584,长电科技,"JCET Group Co., Ltd.",上海证券交易所,Shanghai Stock Exchange,0.173
405,2023-06-30,000906,中证800,CSI 800,600489,中金黄金,Zhongjin Gold Co Ltd,上海证券交易所,Shanghai Stock Exchange,0.117
406,2023-06-30,000906,中证800,CSI 800,002508,老板电器,Hangzhou Robam Appliances Co Ltd,深圳证券交易所,Shenzhen Stock Exchange,0.047
407,2023-06-30,000906,中证800,CSI 800,002507,涪陵榨菜,Chongqing Fuling Zhacai Group Co Ltd,深圳证券交易所,Shenzhen Stock Exchange,0.058
408,2023-06-30,000906,中证800,CSI 800,601880,辽港股份,"Liaoning Port Co., Ltd.",上海证券交易所,Shanghai Stock Exchange,0.046
409,2023-06-30,000906,中证800,CSI 800,002518,科士达,Shenzhen Kstar Science And Technology Co Ltd,深圳证券交易所,Shenzhen Stock Exchange,0.036
410,2023-06-30,000906,中证800,CSI 800,601118,海南橡胶,China Hainan Rubber Industry Group Co Ltd,上海证券交易所,Shanghai Stock Exchange,0.03
411,2023-06-30,000906,中证800,CSI 800,300144,宋城演艺,"SONGCHENG PERFORMANCE DEVELOPMENT CO., LTD.",深圳证券交易所,Shenzhen Stock Exchange,0.088
412,2023-06-30,000906,中证800,CSI 800,300146,汤臣倍健,"BY-HEALTH CO., LTD",深圳证券交易所,Shenzhen Stock Exchange,0.095
413,2023-06-30,000906,中证800,CSI 800,601799,星宇股份,Changzhou Xingyu Automotive Lighting Systems Co Ltd,上海证券交易所,Shanghai Stock Exchange,0.069
414,2023-06-30,000906,中证800,CSI 800,300182,捷成股份,Beijing Jetsen Technology Co Ltd,深圳证券交易所,Shenzhen Stock Exchange,0.052
415,2023-06-30,000906,中证800,CSI 800,000933,神火股份,Henan Shen Huo Coal Industry and Electricity Power Co Ltd,深圳证券交易所,Shenzhen Stock Exchange,0.08
416,2023-06-30,000906,中证800,CSI 800,000937,冀中能源,Jizhong Energy Resources Co Ltd,深圳证券交易所,Shenzhen Stock Exchange,0.026
417,2023-06-30,000906,中证800,CSI 800,000959,首钢股份,Beijing Shougang Co Ltd,深圳证券交易所,Shenzhen Stock Exchange,0.021
418,2023-06-30,000906,中证800,CSI 800,000963,华东医药,Huadong Medicine Co Ltd,深圳证券交易所,Shenzhen Stock Exchange,0.148
419,2023-06-30,000906,中证800,CSI 800,000983,山西焦煤,"Shanxi Coking Coal Energy Group Co.,Ltd.",深圳证券交易所,Shenzhen Stock Exchange,0.08
420,2023-06-30,000906,中证800,CSI 800,600325,华发股份,Huafa Industrial Co Ltd Zhuhai,上海证券交易所,Shanghai Stock Exchange,0.065
421,2023-06-30,000906,中证800,CSI 800,600392,盛和资源,"Shenghe Resources Holding Co.,Ltd.",上海证券交易所,Shanghai Stock Exchange,0.07
422,2023-06-30,000906,中证800,CSI 800,600409,三友化工,Tangshan Sanyou Chemical Industries Co Ltd,上海证券交易所,Shanghai Stock Exchange,0.026
423,2023-06-30,000906,中证800,CSI 800,600435,北方导航,"North Navigation Control Technology Co., Ltd.",上海证券交易所,Shanghai Stock Exchange,0.047
424,2023-06-30,000906,中证800,CSI 800,600481,双良节能,"Shuangliang Eco-Energy Systems Co.,Ltd",上海证券交易所,Shanghai Stock Exchange,0.061
425,2023-06-30,000906,中证800,CSI 800,600507,方大特钢,"Fangda Special Steel Technology Co.,Ltd",上海证券交易所,Shanghai Stock Exchange,0.025
426,2023-06-30,000906,中证800,CSI 800,600570,恒生电子,Hundsun Technologies Inc.,上海证券交易所,Shanghai Stock Exchange,0.262
427,2023-06-30,000906,中证800,CSI 800,002439,启明星辰,Beijing Venustech Inc.,深圳证券交易所,Shenzhen Stock Exchange,0.077
428,2023-06-30,000906,中证800,CSI 800,002244,滨江集团,Hangzhou Binjiang Real Estate Group Co Ltd,深圳证券交易所,Shenzhen Stock Exchange,0.043
429,2023-06-30,000906,中证800,CSI 800,601928,凤凰传媒,Jiangsu Phoenix Publishing & Media Co Ltd,上海证券交易所,Shanghai Stock Exchange,0.034
430,2023-06-30,000906,中证800,CSI 800,601555,东吴证券,Soochow Securities Co Ltd,上海证券交易所,Shanghai Stock Exchange,0.108
431,2023-06-30,000906,中证800,CSI 800,601336,新华保险,New China Life Insurance Co Ltd,上海证券交易所,Shanghai Stock Exchange,0.119
432,2023-06-30,000906,中证800,CSI 800,000423,东阿阿胶,Shandong Dong-Ee Jiao Co Ltd,深圳证券交易所,Shenzhen Stock Exchange,0.095
433,2023-06-30,000906,中证800,CSI 800,000425,徐工机械,XCMG Construction Machinery Co Ltd,深圳证券交易所,Shenzhen Stock Exchange,0.125
434,2023-06-30,000906,中证800,CSI 800,000519,中兵红箭,"NORTH INDUSTRIES GROUP RED ARROW CO.,LTD",深圳证券交易所,Shenzhen Stock Exchange,0.059
435,2023-06-30,000906,中证800,CSI 800,002572,索菲亚,Suofeiya Home Collection Co Ltd,深圳证券交易所,Shenzhen Stock Exchange,0.043
436,2023-06-30,000906,中证800,CSI 800,300207,欣旺达,Sunwoda Electronic Co Ltd,深圳证券交易所,Shenzhen Stock Exchange,0.095
437,2023-06-30,000906,中证800,CSI 800,002532,天山铝业,"TIANSHAN ALUMINUM GROUP CO.,LTD.",深圳证券交易所,Shenzhen Stock Exchange,0.065
438,2023-06-30,000906,中证800,CSI 800,002531,天顺风能,Titan Wind Energy (Suzhou) Co Ltd,深圳证券交易所,Shenzhen Stock Exchange,0.053
439,2023-06-30,000906,中证800,CSI 800,002555,三七互娱,"WUHU SANQI INTERACTIVE ENTERTAINMENT NETWORK TECHNOLOGY GROUP CO.,LTD.",深圳证券交易所,Shenzhen Stock Exchange,0.211
440,2023-06-30,000906,中证800,CSI 800,002557,洽洽食品,Qiaqia Food Co Ltd,深圳证券交易所,Shenzhen Stock Exchange,0.049
441,2023-06-30,000906,中证800,CSI 800,300212,易华录,"BEIJING E-HUALU INFORMATION TECHNOLOGY CO., LTD",深圳证券交易所,Shenzhen Stock Exchange,0.052
442,2023-06-30,000906,中证800,CSI 800,601233,桐昆股份,Tongkun Group Co Ltd,上海证券交易所,Shanghai Stock Exchange,0.087
443,2023-06-30,000906,中证800,CSI 800,002595,豪迈科技,Shandong Himile Mechanical Science & Technology Co Ltd,深圳证券交易所,Shenzhen Stock Exchange,0.055
444,2023-06-30,000906,中证800,CSI 800,002594,比亚迪,BYD Co Ltd,深圳证券交易所,Shenzhen Stock Exchange,0.911
445,2023-06-30,000906,中证800,CSI 800,601058,赛轮轮胎,"Sailun Group Co.,Ltd.",上海证券交易所,Shanghai Stock Exchange,0.109
446,2023-06-30,000906,中证800,CSI 800,300244,迪安诊断,Zhejiang D.A. Diagnostics Co Ltd,深圳证券交易所,Shenzhen Stock Exchange,0.05
447,2023-06-30,000906,中证800,CSI 800,300251,光线传媒,Beijing Enlight Media Co Ltd,深圳证券交易所,Shenzhen Stock Exchange,0.037
448,2023-06-30,000906,中证800,CSI 800,002511,中顺洁柔,C&S Paper Co Ltd,深圳证券交易所,Shenzhen Stock Exchange,0.035
449,2023-06-30,000906,中证800,CSI 800,601901,方正证券,Founder Securities Co Ltd,上海证券交易所,Shanghai Stock Exchange,0.105
450,2023-06-30,000906,中证800,CSI 800,002608,江苏国信,Sainty Marine Corporation Ltd,深圳证券交易所,Shenzhen Stock Exchange,0.022
451,2023-06-30,000906,中证800,CSI 800,601636,旗滨集团,Zhuzhou Kibing Group Co Ltd,上海证券交易所,Shanghai Stock Exchange,0.054
452,2023-06-30,000906,中证800,CSI 800,300253,卫宁健康,"Winning Health Technology Group Co., Ltd.",深圳证券交易所,Shenzhen Stock Exchange,0.072
453,2023-06-30,000906,中证800,CSI 800,300257,开山股份,Zhejiang Kaishan Compressor Co Ltd,深圳证券交易所,Shenzhen Stock Exchange,0.023
454,2023-06-30,000906,中证800,CSI 800,300223,北京君正,Ingenic Semiconductor Co Ltd,深圳证券交易所,Shenzhen Stock Exchange,0.083
455,2023-06-30,000906,中证800,CSI 800,002600,领益智造,LINGYI iTECH (GUANGDONG) COMPANY,深圳证券交易所,Shenzhen Stock Exchange,0.076
456,2023-06-30,000906,中证800,CSI 800,002601,龙佰集团,"LB Group Co., Ltd.",深圳证券交易所,Shenzhen Stock Exchange,0.092
457,2023-06-30,000906,中证800,CSI 800,601216,君正集团,"Inner Mongolia Junzheng Energy & Chemical Group Co.,Ltd.",上海证券交易所,Shanghai Stock Exchange,0.054
458,2023-06-30,000906,中证800,CSI 800,601992,金隅集团,BBMG Corporation,上海证券交易所,Shanghai Stock Exchange,0.035
459,2023-06-30,000906,中证800,CSI 800,002563,森马服饰,Zhejiang Semir Garment Co Ltd,深圳证券交易所,Shenzhen Stock Exchange,0.02
460,2023-06-30,000906,中证800,CSI 800,002568,百润股份,"SHANGHAI BAIRUN INVESTMENT HOLDING GROUP CO.,LTD.",深圳证券交易所,Shenzhen Stock Exchange,0.074
461,2023-06-30,000906,中证800,CSI 800,000591,太阳能,"CECEP Solar Energy Co.,Ltd.",深圳证券交易所,Shenzhen Stock Exchange,0.072
462,2023-06-30,000906,中证800,CSI 800,000596,古井贡酒,Anhui Gujing Distillery Co Ltd,深圳证券交易所,Shenzhen Stock Exchange,0.157
463,2023-06-30,000906,中证800,CSI 800,000598,兴蓉环境,"Chengdu Xingrong Environment Co., Ltd.",深圳证券交易所,Shenzhen Stock Exchange,0.038
464,2023-06-30,000906,中证800,CSI 800,000617,中油资本,CNPC Capital Company Limited,深圳证券交易所,Shenzhen Stock Exchange,0.071
465,2023-06-30,000906,中证800,CSI 800,000623,吉林敖东,"Jilin Aodong Pharmaceutical Group Co., Ltd.",深圳证券交易所,Shenzhen Stock Exchange,0.058
466,2023-06-30,000906,中证800,CSI 800,000630,铜陵有色,Tongling Nonferrous Metals Group Co. Ltd,深圳证券交易所,Shenzhen Stock Exchange,0.083
467,2023-06-30,000906,中证800,CSI 800,002670,国盛金控,Guosheng Financial Holding Inc.,深圳证券交易所,Shenzhen Stock Exchange,0.04
468,2023-06-30,000906,中证800,CSI 800,300308,中际旭创,"ZHONGJI INNOLIGHT CO., LTD.",深圳证券交易所,Shenzhen Stock Exchange,0.369
469,2023-06-30,000906,中证800,CSI 800,300316,晶盛机电,"Zhejiang Jingsheng Mechanical & Electrical Co., Ltd.",深圳证券交易所,Shenzhen Stock Exchange,0.181
470,2023-06-30,000906,中证800,CSI 800,601633,长城汽车,Great Wall Motor Co Ltd,上海证券交易所,Shanghai Stock Exchange,0.121
471,2023-06-30,000906,中证800,CSI 800,601669,中国电建,"Power Construction Corporation of China,Ltd",上海证券交易所,Shanghai Stock Exchange,0.154
472,2023-06-30,000906,中证800,CSI 800,601100,恒立液压,"Jiangsu Hengli Hydraulic CO., Ltd.",上海证券交易所,Shanghai Stock Exchange,0.134
473,2023-06-30,000906,中证800,CSI 800,002624,完美世界,"Perfect World Co., Ltd.",深圳证券交易所,Shenzhen Stock Exchange,0.089
474,2023-06-30,000906,中证800,CSI 800,300274,阳光电源,Sungrow Power Supply Co Ltd,深圳证券交易所,Shenzhen Stock Exchange,0.472
475,2023-06-30,000906,中证800,CSI 800,002625,光启技术,"Kuang-Chi Technologies Co., Ltd.",深圳证券交易所,Shenzhen Stock Exchange,0.09
476,2023-06-30,000906,中证800,CSI 800,000050,深天马A,Tianma Microelectronics Co Ltd,深圳证券交易所,Shenzhen Stock Exchange,0.044
477,2023-06-30,000906,中证800,CSI 800,000060,中金岭南,Shenzhen Zhongjin Lingnan Nonfemet Co Ltd,深圳证券交易所,Shenzhen Stock Exchange,0.048
478,2023-06-30,000906,中证800,CSI 800,000155,川能动力,SICHUAN NEW ENERGY POWER COMPANY LIMITED,深圳证券交易所,Shenzhen Stock Exchange,0.041
479,2023-06-30,000906,中证800,CSI 800,000156,华数传媒,"WASU MEDIA HOLDING CO., LTD",深圳证券交易所,Shenzhen Stock Exchange,0.031
480,2023-06-30,000906,中证800,CSI 800,000402,金 融 街,Financial Street Holding Co Ltd,深圳证券交易所,Shenzhen Stock Exchange,0.021
481,2023-06-30,000906,中证800,CSI 800,000408,藏格矿业,ZANGGE MINING COMPANY LIMITED,深圳证券交易所,Shenzhen Stock Exchange,0.069
482,2023-06-30,000906,中证800,CSI 800,000415,渤海租赁,"Bohai Leasing Co.,Ltd.",深圳证券交易所,Shenzhen Stock Exchange,0.025
483,2023-06-30,000906,中证800,CSI 800,600988,赤峰黄金,"Chifeng Jilong Gold Mining Co.,Ltd.",上海证券交易所,Shanghai Stock Exchange,0.087
484,2023-06-30,000906,中证800,CSI 800,600985,淮北矿业,"Huaibei Mining Holdings Co.,Ltd.",上海证券交易所,Shanghai Stock Exchange,0.045
485,2023-06-30,000906,中证800,CSI 800,000001,平安银行,"Ping An Bank Co., Ltd.",深圳证券交易所,Shenzhen Stock Exchange,0.424
486,2023-06-30,000906,中证800,CSI 800,000002,万科A,China Vanke Co Ltd,深圳证券交易所,Shenzhen Stock Exchange,0.371
487,2023-06-30,000906,中证800,CSI 800,000009,中国宝安,"China Baoan Group Co.,Ltd.",深圳证券交易所,Shenzhen Stock Exchange,0.097
488,2023-06-30,000906,中证800,CSI 800,000012,南  玻A,CSG Holding Co Ltd,深圳证券交易所,Shenzhen Stock Exchange,0.032
489,2023-06-30,000906,中证800,CSI 800,000021,深科技,"Shenzhen Kaifa Technology Co., Ltd.",深圳证券交易所,Shenzhen Stock Exchange,0.073
490,2023-06-30,000906,中证800,CSI 800,000027,深圳能源,Shenzhen Energy Group Co Ltd,深圳证券交易所,Shenzhen Stock Exchange,0.037
491,2023-06-30,000906,中证800,CSI 800,000031,大悦城,"Grandjoy Holdings Group Co.,Ltd.",深圳证券交易所,Shenzhen Stock Exchange,0.018
492,2023-06-30,000906,中证800,CSI 800,000039,中集集团,China International Marine Containers (Group) Co Ltd,深圳证券交易所,Shenzhen Stock Exchange,0.049
493,2023-06-30,000906,中证800,CSI 800,000063,中兴通讯,ZTE Corporation,深圳证券交易所,Shenzhen Stock Exchange,0.565
494,2023-06-30,000906,中证800,CSI 800,000066,中国长城,"CHINA GREATWALL TECHNOLOGY GROUP CO., LTD.",深圳证券交易所,Shenzhen Stock Exchange,0.104
495,2023-06-30,000906,中证800,CSI 800,000069,华侨城A,Shenzhen Overseas Chinese Town Co Ltd,深圳证券交易所,Shenzhen Stock Exchange,0.07
496,2023-06-30,000906,中证800,CSI 800,000089,深圳机场,Shenzhen Airport Co Ltd,深圳证券交易所,Shenzhen Stock Exchange,0.028
497,2023-06-30,000906,中证800,CSI 800,000157,中联重科,Zoomlion Heavy Industry Science & Technology Co Ltd,深圳证券交易所,Shenzhen Stock Exchange,0.131
498,2023-06-30,000906,中证800,CSI 800,000301,东方盛虹,"Jiangsu Eastern Shenghong Co.,Ltd.",深圳证券交易所,Shenzhen Stock Exchange,0.122
499,2023-06-30,000906,中证800,CSI 800,000401,冀东水泥,Tangshan Jidong Cement Co Ltd,深圳证券交易所,Shenzhen Stock Exchange,0.031
500,2023-06-30,000906,中证800,CSI 800,000513,丽珠集团,Livzon Pharmaceutical Group Inc,深圳证券交易所,Shenzhen Stock Exchange,0.057
501,2023-06-30,000906,中证800,CSI 800,000538,云南白药,"Yunnan Baiyao Group Co., Ltd.",深圳证券交易所,Shenzhen Stock Exchange,0.147
502,2023-06-30,000906,中证800,CSI 800,000559,万向钱潮,Wanxiang Qianchao Co Ltd,深圳证券交易所,Shenzhen Stock Exchange,0.028
503,2023-06-30,000906,中证800,CSI 800,000563,陕国投A,"Shaanxi International Trust Co.,Ltd",深圳证券交易所,Shenzhen Stock Exchange,0.024
504,2023-06-30,000906,中证800,CSI 800,000581,威孚高科,Weifu High-Technology Group Co Ltd,深圳证券交易所,Shenzhen Stock Exchange,0.031
505,2023-06-30,000906,中证800,CSI 800,000625,长安汽车,Chongqing Changan Automobile Co Ltd,深圳证券交易所,Shenzhen Stock Exchange,0.25
506,2023-06-30,000906,中证800,CSI 800,000629,钒钛股份,"Pangang Group Vanadium Titanium & Resources Co., Ltd.",深圳证券交易所,Shenzhen Stock Exchange,0.065
507,2023-06-30,000906,中证800,CSI 800,000636,风华高科,Guangdong Fenghua Advanced Technology (Holding) Co Ltd,深圳证券交易所,Shenzhen Stock Exchange,0.055
508,2023-06-30,000906,中证800,CSI 800,000725,京东方A,BOE Technology Group Co Ltd,深圳证券交易所,Shenzhen Stock Exchange,0.597
509,2023-06-30,000906,中证800,CSI 800,000729,燕京啤酒,Beijing Yanjing Brewery Co Ltd,深圳证券交易所,Shenzhen Stock Exchange,0.068
510,2023-06-30,000906,中证800,CSI 800,000568,泸州老窖,Luzhou Lao Jiao Co Ltd,深圳证券交易所,Shenzhen Stock Exchange,0.6
511,2023-06-30,000906,中证800,CSI 800,601231,环旭电子,"Universal Scientific Industrial (Shanghai) Co.,Ltd.",上海证券交易所,Shanghai Stock Exchange,0.039
512,2023-06-30,000906,中证800,CSI 800,300296,利亚德,"Leyard Optoelectronic Co.,Ltd.",深圳证券交易所,Shenzhen Stock Exchange,0.051
513,2023-06-30,000906,中证800,CSI 800,601012,隆基绿能,"Longi Green Energy Technology Co., Ltd.",上海证券交易所,Shanghai Stock Exchange,0.677
514,2023-06-30,000906,中证800,CSI 800,603000,人民网,"People.cn CO.,LTD",上海证券交易所,Shanghai Stock Exchange,0.063
515,2023-06-30,000906,中证800,CSI 800,002673,西部证券,"WESTERN SECURITIES CO., LTD",深圳证券交易所,Shenzhen Stock Exchange,0.066
516,2023-06-30,000906,中证800,CSI 800,002653,海思科,"Haisco Pharmaceutical Group Co., Ltd",深圳证券交易所,Shenzhen Stock Exchange,0.02
517,2023-06-30,000906,中证800,CSI 800,601238,广汽集团,"Guangzhou Automobile Group Co., Ltd.",上海证券交易所,Shanghai Stock Exchange,0.09
518,2023-06-30,000906,中证800,CSI 800,002683,广东宏大,"Guangdong Hongda Holdings Group Co., Ltd.",深圳证券交易所,Shenzhen Stock Exchange,0.051
519,2023-06-30,000906,中证800,CSI 800,601800,中国交建,China Communications Construction Company Limited,上海证券交易所,Shanghai Stock Exchange,0.151
520,2023-06-30,000906,中证800,CSI 800,002648,卫星化学,"SATELLITE CHEMICAL CO., LTD.",深圳证券交易所,Shenzhen Stock Exchange,0.098
521,2023-06-30,000906,中证800,CSI 800,300285,国瓷材料,"Shandong Sinocera Functional Material Co., Ltd",深圳证券交易所,Shenzhen Stock Exchange,0.086
522,2023-06-30,000906,中证800,CSI 800,601608,中信重工,"CITIC HEAVY INDUSTRIES CO., LTD.",上海证券交易所,Shanghai Stock Exchange,0.028
523,2023-06-30,000906,中证800,CSI 800,603077,和邦生物,"Sichuan Hebang Biotechnology Co.,Ltd.",上海证券交易所,Shanghai Stock Exchange,0.058
524,2023-06-30,000906,中证800,CSI 800,002690,美亚光电,Hefei Meiya Optoelectronic Technology Inc.,深圳证券交易所,Shenzhen Stock Exchange,0.035
525,2023-06-30,000906,中证800,CSI 800,300347,泰格医药,"Hangzhou Tigermed Consulting Co., Ltd.",深圳证券交易所,Shenzhen Stock Exchange,0.132
526,2023-06-30,000906,中证800,CSI 800,603993,洛阳钼业,"China Molybdenum Co., Ltd.",上海证券交易所,Shanghai Stock Exchange,0.147
527,2023-06-30,000906,中证800,CSI 800,000333,美的集团,"Midea Group CO., LTD",深圳证券交易所,Shenzhen Stock Exchange,1.127
528,2023-06-30,000906,中证800,CSI 800,002705,新宝股份,"Guangdong Xinbao Electrical Appliances Holdings Co., Ltd",深圳证券交易所,Shenzhen Stock Exchange,0.023
529,2023-06-30,000906,中证800,CSI 800,300357,我武生物,"Zhejiang Wolwo Bio-pharmaceutical Co., Ltd",深圳证券交易所,Shenzhen Stock Exchange,0.041
530,2023-06-30,000906,中证800,CSI 800,300373,扬杰科技,"Yangzhou Yangjie Electronic Technology Co.,Ltd",深圳证券交易所,Shenzhen Stock Exchange,0.043
531,2023-06-30,000906,中证800,CSI 800,002709,天赐材料,"Guangzhou Tinci Materials Technology Co., Ltd",深圳证券交易所,Shenzhen Stock Exchange,0.185
532,2023-06-30,000906,中证800,CSI 800,002714,牧原股份,"Muyuan Foodstuff Co., Ltd",深圳证券交易所,Shenzhen Stock Exchange,0.449
533,2023-06-30,000906,中证800,CSI 800,601225,陕西煤业,Shaanxi Coal Industry Company Limited,上海证券交易所,Shanghai Stock Exchange,0.275
534,2023-06-30,000906,中证800,CSI 800,300363,博腾股份,Porton Fine Chemicals Ltd.,深圳证券交易所,Shenzhen Stock Exchange,0.038
535,2023-06-30,000906,中证800,CSI 800,300383,光环新网,"Beijing Sinnet Technology Co., Ltd.",深圳证券交易所,Shenzhen Stock Exchange,0.06
536,2023-06-30,000906,中证800,CSI 800,603288,海天味业,Foshan Haitian Flavouring and Food Company Ltd.,上海证券交易所,Shanghai Stock Exchange,0.304
537,2023-06-30,000906,中证800,CSI 800,603369,今世缘,"Jiangsu King's Luck Brewery Joint-Stock Co., Ltd.",上海证券交易所,Shanghai Stock Exchange,0.129
538,2023-06-30,000906,中证800,CSI 800,300390,天华新能,"Canmax Technologies Co., Ltd.",深圳证券交易所,Shenzhen Stock Exchange,0.082
539,2023-06-30,000906,中证800,CSI 800,603806,福斯特,"HANGZHOU FIRST PV MATERIAL Co., LTD.",上海证券交易所,Shanghai Stock Exchange,0.108
540,2023-06-30,000906,中证800,CSI 800,300395,菲利华,HUBEI FEILIHUA QUARTZ GLASS CO.LTD,深圳证券交易所,Shenzhen Stock Exchange,0.079
541,2023-06-30,000906,中证800,CSI 800,601016,节能风电,CECEP Wind-Power Corporation,上海证券交易所,Shanghai Stock Exchange,0.056
542,2023-06-30,000906,中证800,CSI 800,603456,九洲药业,"Zhejiang Jiuzhou Pharmaceutical Co., Ltd.",上海证券交易所,Shanghai Stock Exchange,0.048
543,2023-06-30,000906,中证800,CSI 800,603688,石英股份,"JIANGSU PACIFIC QUARTZ CO., LTD",上海证券交易所,Shanghai Stock Exchange,0.08
544,2023-06-30,000906,中证800,CSI 800,603019,中科曙光,"Dawning Information Industry Co., Ltd.",上海证券交易所,Shanghai Stock Exchange,0.232
545,2023-06-30,000906,中证800,CSI 800,300408,三环集团,"CHAOZHOU THREE-CIRCLE(GROUP)CO.,LTD",深圳证券交易所,Shenzhen Stock Exchange,0.153
546,2023-06-30,000906,中证800,CSI 800,601969,海南矿业,"Hainan Mining Co., Ltd.",上海证券交易所,Shanghai Stock Exchange,0.016
547,2023-06-30,000906,中证800,CSI 800,002736,国信证券,"GUOSEN SECURITIES CO., LTD.",深圳证券交易所,Shenzhen Stock Exchange,0.098
548,2023-06-30,000906,中证800,CSI 800,002738,中矿资源,"Sinomine Resource Group Co., Ltd.",深圳证券交易所,Shenzhen Stock Exchange,0.113
549,2023-06-30,000906,中证800,CSI 800,300413,芒果超媒,"Mango Excellent Media Co., Ltd.",深圳证券交易所,Shenzhen Stock Exchange,0.1
550,2023-06-30,000906,中证800,CSI 800,300418,昆仑万维,"Beijing Kunlun Tech Co., Ltd.",深圳证券交易所,Shenzhen Stock Exchange,0.131
551,2023-06-30,000906,中证800,CSI 800,601021,春秋航空,"Spring Airlines Co., Ltd.",上海证券交易所,Shanghai Stock Exchange,0.088
552,2023-06-30,000906,中证800,CSI 800,002739,万达电影,"WANDA FILM HOLDING CO., LTD",深圳证券交易所,Shenzhen Stock Exchange,0.064
553,2023-06-30,000906,中证800,CSI 800,000166,申万宏源,"Shenwan Hongyuan Group CO., LTD",深圳证券交易所,Shenzhen Stock Exchange,0.162
554,2023-06-30,000906,中证800,CSI 800,603899,晨光股份,SHANGHAI M&G STATIONERY INC.,上海证券交易所,Shanghai Stock Exchange,0.064
555,2023-06-30,000906,中证800,CSI 800,603799,华友钴业,"ZHEJIANG HUAYOU COBALT CO., LTD.",上海证券交易所,Shanghai Stock Exchange,0.229
556,2023-06-30,000906,中证800,CSI 800,002745,木林森,"MLS Co.,LTD.",深圳证券交易所,Shenzhen Stock Exchange,0.032
557,2023-06-30,000906,中证800,CSI 800,603939,益丰药房,"Yifeng Pharmacy Chain Co., Ltd.",上海证券交易所,Shanghai Stock Exchange,0.073
558,2023-06-30,000906,中证800,CSI 800,601198,东兴证券,"DONGXING SECURITIES CO., LTD.",上海证券交易所,Shanghai Stock Exchange,0.061
559,2023-06-30,000906,中证800,CSI 800,300433,蓝思科技,"Lens Technology Co., Ltd.",深圳证券交易所,Shenzhen Stock Exchange,0.091
560,2023-06-30,000906,中证800,CSI 800,601689,拓普集团,"Ningbo Tuopu Group Co., Ltd.",上海证券交易所,Shanghai Stock Exchange,0.138
561,2023-06-30,000906,中证800,CSI 800,600958,东方证券,ORIENT SECURITIES COMPANY LIMITED,上海证券交易所,Shanghai Stock Exchange,0.197
562,2023-06-30,000906,中证800,CSI 800,603338,浙江鼎力,"Zhejiang Dingli Machinery Co.,Ltd.",上海证券交易所,Shanghai Stock Exchange,0.055
563,2023-06-30,000906,中证800,CSI 800,603883,老百姓,Laobaixing Pharmacy Chain Joint Stock Company,上海证券交易所,Shanghai Stock Exchange,0.034
564,2023-06-30,000906,中证800,CSI 800,300438,鹏辉能源,"Guangzhou Great Power Energy&Technology Co.,ltd.",深圳证券交易所,Shenzhen Stock Exchange,0.06
565,2023-06-30,000906,中证800,CSI 800,300442,润泽科技,Range Intelligent Computing Technology Group Company Limited,深圳证券交易所,Shenzhen Stock Exchange,0.023
566,2023-06-30,000906,中证800,CSI 800,600959,江苏有线,Jiangsu Broadcasting Cable Information Network Corporation Limited,上海证券交易所,Shanghai Stock Exchange,0.039
567,2023-06-30,000906,中证800,CSI 800,603355,莱克电气,"Kingclean Electric Co., Ltd.",上海证券交易所,Shanghai Stock Exchange,0.011
568,2023-06-30,000906,中证800,CSI 800,002756,永兴材料,"Yongxing Special Materials Technology Co.,Ltd.",深圳证券交易所,Shenzhen Stock Exchange,0.079
569,2023-06-30,000906,中证800,CSI 800,300450,先导智能,"WUXI LEAD INTELLIGENT EQUIPMENT CO., LTD.",深圳证券交易所,Shenzhen Stock Exchange,0.154
570,2023-06-30,000906,中证800,CSI 800,603885,吉祥航空,"JUNEYAO AIRLINES Co., Ltd",上海证券交易所,Shanghai Stock Exchange,0.053
571,2023-06-30,000906,中证800,CSI 800,603568,伟明环保,"ZHEJIANG WEIMING ENVIRONMENT PROTECTION CO., LTD.",上海证券交易所,Shanghai Stock Exchange,0.035
572,2023-06-30,000906,中证800,CSI 800,603026,胜华新材,"Shinghwa Advanced Material Group Co.,Ltd.",上海证券交易所,Shanghai Stock Exchange,0.037
573,2023-06-30,000906,中证800,CSI 800,002761,浙江建投,"Zhejiang Construction Investment Group Co.,Ltd",深圳证券交易所,Shenzhen Stock Exchange,0.026
574,2023-06-30,000906,中证800,CSI 800,601985,中国核电,"China National Nuclear Power Co.,Ltd.",上海证券交易所,Shanghai Stock Exchange,0.259
575,2023-06-30,000906,中证800,CSI 800,601211,国泰君安,"Guotai Junan Securities Co., Ltd.",上海证券交易所,Shanghai Stock Exchange,0.245
576,2023-06-30,000906,中证800,CSI 800,603589,口子窖,"Anhui Kouzi Distillery Co., Ltd.",上海证券交易所,Shanghai Stock Exchange,0.069
577,2023-06-30,000906,中证800,CSI 800,300482,万孚生物,"GUANGZHOU WONDFO BIOTECH CO.,LTD",深圳证券交易所,Shenzhen Stock Exchange,0.032
578,2023-06-30,000906,中证800,CSI 800,300487,蓝晓科技,"SUNRESIN NEW MATERIALS CO.,LTD, XI' AN",深圳证券交易所,Shenzhen Stock Exchange,0.061
579,2023-06-30,000906,中证800,CSI 800,300498,温氏股份,"GUANGDONGWENSFOODSTUFFGROUPCO.,LTD",深圳证券交易所,Shenzhen Stock Exchange,0.375
580,2023-06-30,000906,中证800,CSI 800,601155,新城控股,"Future Land Holdings Co., Ltd.",上海证券交易所,Shanghai Stock Exchange,0.051
581,2023-06-30,000906,中证800,CSI 800,300496,中科创达,"Thunder Software Technology Co., Ltd.",深圳证券交易所,Shenzhen Stock Exchange,0.12
582,2023-06-30,000906,中证800,CSI 800,603866,桃李面包,"Toly Bread Co., Ltd.",上海证券交易所,Shanghai Stock Exchange,0.032
583,2023-06-30,000906,中证800,CSI 800,001979,招商蛇口,"CHINA MERCHANTS SHEKOU INDUSTRIAL ZONE HOLDINGS CO.,LTD",深圳证券交易所,Shenzhen Stock Exchange,0.157
584,2023-06-30,000906,中证800,CSI 800,002791,坚朗五金,"Guangdong KinLong Hardware Products Co.,Ltd.",深圳证券交易所,Shenzhen Stock Exchange,0.032
585,2023-06-30,000906,中证800,CSI 800,300474,景嘉微,"Changsha Jingjia Microelectronics Co., Ltd.",深圳证券交易所,Shenzhen Stock Exchange,0.08
586,2023-06-30,000906,中证800,CSI 800,603868,飞科电器,"Shanghai Flyco Electrical Appliance Co., Ltd.",上海证券交易所,Shanghai Stock Exchange,0.012
587,2023-06-30,000906,中证800,CSI 800,002797,第一创业,"First Capital Securities Co., Ltd.",深圳证券交易所,Shenzhen Stock Exchange,0.075
588,2023-06-30,000906,中证800,CSI 800,603737,三棵树,"SKSHU Paint Co., Ltd.",上海证券交易所,Shanghai Stock Exchange,0.054
589,2023-06-30,000906,中证800,CSI 800,601611,中国核建,China Nuclear Engineering Corporation Limited,上海证券交易所,Shanghai Stock Exchange,0.03
590,2023-06-30,000906,中证800,CSI 800,601966,玲珑轮胎,"Shandong Linglong Tyre Co., Ltd.",上海证券交易所,Shanghai Stock Exchange,0.064
591,2023-06-30,000906,中证800,CSI 800,600919,江苏银行,"Bank of Jiangsu Co., Ltd",上海证券交易所,Shanghai Stock Exchange,0.338
592,2023-06-30,000906,中证800,CSI 800,300529,健帆生物,"Jafron Biomedical Co.,Ltd.",深圳证券交易所,Shenzhen Stock Exchange,0.044
593,2023-06-30,000906,中证800,CSI 800,601997,贵阳银行,"Bank of Guiyang Co.,Ltd.",上海证券交易所,Shanghai Stock Exchange,0.059
594,2023-06-30,000906,中证800,CSI 800,603986,兆易创新,GigaDevice Semiconductor (Beijing) Inc.,上海证券交易所,Shanghai Stock Exchange,0.276
595,2023-06-30,000906,中证800,CSI 800,603658,安图生物,"Autobio Diagnostics Co., Ltd.",上海证券交易所,Shanghai Stock Exchange,0.047
596,2023-06-30,000906,中证800,CSI 800,002812,恩捷股份,"Yunnan Energy New Material Co., Ltd.",深圳证券交易所,Shenzhen Stock Exchange,0.22
597,2023-06-30,000906,中证800,CSI 800,601128,常熟银行,"Jiangsu Changshu Rural Commercial Bank Co., Ltd.",上海证券交易所,Shanghai Stock Exchange,0.073
598,2023-06-30,000906,中证800,CSI 800,603816,顾家家居,"Jason Furniture (Hangzhou) Co.,Ltd.",上海证券交易所,Shanghai Stock Exchange,0.073
599,2023-06-30,000906,中证800,CSI 800,603160,汇顶科技,"Shenzhen Huiding Technology Co., Ltd.",上海证券交易所,Shanghai Stock Exchange,0.049
600,2023-06-30,000906,中证800,CSI 800,600926,杭州银行,"BANK OF HANGZHOU CO., LTD",上海证券交易所,Shanghai Stock Exchange,0.136
601,2023-06-30,000906,中证800,CSI 800,300558,贝达药业,"Betta Pharmaceuticals Co.,Ltd",深圳证券交易所,Shenzhen Stock Exchange,0.047
602,2023-06-30,000906,中证800,CSI 800,601229,上海银行,"Bank of Shanghai Co., Ltd.",上海证券交易所,Shanghai Stock Exchange,0.223
603,2023-06-30,000906,中证800,CSI 800,002821,凯莱英,"Asymchem Laboratories (Tianjin) Co., Ltd.",深圳证券交易所,Shenzhen Stock Exchange,0.11
604,2023-06-30,000906,中证800,CSI 800,603858,步长制药,"SHANDONG BUCHANG PHARMACEUTICALS CO., LTD.",上海证券交易所,Shanghai Stock Exchange,0.044
605,2023-06-30,000906,中证800,CSI 800,300568,星源材质,"Shenzhen Senior Technology Material Co., Ltd.",深圳证券交易所,Shenzhen Stock Exchange,0.086
606,2023-06-30,000906,中证800,CSI 800,600909,华安证券,"HUAAN SECURITIES CO., LTD.",上海证券交易所,Shanghai Stock Exchange,0.051
607,2023-06-30,000906,中证800,CSI 800,002831,裕同科技,"ShenZhen YUTO Packaging Technology Co., Ltd.",深圳证券交易所,Shenzhen Stock Exchange,0.035
608,2023-06-30,000906,中证800,CSI 800,603218,日月股份,"Riyue Heavy Industry Co.,Ltd.",上海证券交易所,Shanghai Stock Exchange,0.038
609,2023-06-30,000906,中证800,CSI 800,603444,吉比特,"G-bits Network Technology(Xiamen)Co., Ltd.",上海证券交易所,Shanghai Stock Exchange,0.083
610,2023-06-30,000906,中证800,CSI 800,603228,景旺电子,"Shenzhen Kinwong Electronic Co.,Ltd.",上海证券交易所,Shanghai Stock Exchange,0.034
611,2023-06-30,000906,中证800,CSI 800,300595,欧普康视,AUTEK CHINA INC.,深圳证券交易所,Shenzhen Stock Exchange,0.063
612,2023-06-30,000906,中证800,CSI 800,002841,视源股份,Guangzhou Shiyuan Electronic Technology Company Limited,深圳证券交易所,Shenzhen Stock Exchange,0.109
613,2023-06-30,000906,中证800,CSI 800,603638,艾迪精密,"Yantai Eddie Precision Machinery Co., Ltd.",上海证券交易所,Shanghai Stock Exchange,0.027
614,2023-06-30,000906,中证800,CSI 800,601881,中国银河,"China Galaxy Securities Co., Ltd.",上海证券交易所,Shanghai Stock Exchange,0.058
615,2023-06-30,000906,中证800,CSI 800,300601,康泰生物,"Shenzhen Kangtai Biological Products Co., Ltd.",深圳证券交易所,Shenzhen Stock Exchange,0.066
616,2023-06-30,000906,中证800,CSI 800,002850,科达利,"Shenzhen Kedali Industry Co., Ltd.",深圳证券交易所,Shenzhen Stock Exchange,0.072
617,2023-06-30,000906,中证800,CSI 800,300618,寒锐钴业,"Nanjing Hanrui Cobalt Co.,Ltd.",深圳证券交易所,Shenzhen Stock Exchange,0.027
618,2023-06-30,000906,中证800,CSI 800,603517,绝味食品,"Juewei Food Co., Ltd.",上海证券交易所,Shanghai Stock Exchange,0.055
619,2023-06-30,000906,中证800,CSI 800,300628,亿联网络,YEALINK NETWORK TECHNOLOGY CORPORATION LIMITED,深圳证券交易所,Shenzhen Stock Exchange,0.069
620,2023-06-30,000906,中证800,CSI 800,603833,欧派家居,Oppein Home Group Inc.,上海证券交易所,Shanghai Stock Exchange,0.068
621,2023-06-30,000906,中证800,CSI 800,601228,广州港,GUANGZHOU PORT COMPANY LIMITED,上海证券交易所,Shanghai Stock Exchange,0.019
622,2023-06-30,000906,中证800,CSI 800,603826,坤彩科技,"Fujian Kuncai Material Technology Co.,Ltd.",上海证券交易所,Shanghai Stock Exchange,0.027
623,2023-06-30,000906,中证800,CSI 800,300604,长川科技,"Hangzhou Chang Chuan Technology Co.,Ltd.",深圳证券交易所,Shenzhen Stock Exchange,0.079
624,2023-06-30,000906,中证800,CSI 800,603225,新凤鸣,"Xinfengming Group Co.,Ltd.",上海证券交易所,Shanghai Stock Exchange,0.033
625,2023-06-30,000906,中证800,CSI 800,002867,周大生,"CHOW TAI SENG JEWELLERY CO., LTD.",深圳证券交易所,Shenzhen Stock Exchange,0.03
626,2023-06-30,000906,中证800,CSI 800,603501,韦尔股份,"Will Semiconductor CO.,Ltd. Shanghai",上海证券交易所,Shanghai Stock Exchange,0.316
627,2023-06-30,000906,中证800,CSI 800,300661,圣邦股份,SG Micro Corp.,深圳证券交易所,Shenzhen Stock Exchange,0.105
628,2023-06-30,000906,中证800,CSI 800,601878,浙商证券,"ZHESHANG SECURITIES CO., LTD.",上海证券交易所,Shanghai Stock Exchange,0.075
629,2023-06-30,000906,中证800,CSI 800,300676,华大基因,"BGI Genomics Co., Ltd",深圳证券交易所,Shenzhen Stock Exchange,0.058
630,2023-06-30,000906,中证800,CSI 800,603707,健友股份,"Nanjing King-Friend Biochemical Pharmaceutical Co., Ltd",上海证券交易所,Shanghai Stock Exchange,0.025
631,2023-06-30,000906,中证800,CSI 800,300677,英科医疗,"Intco Medical Technology Co.,Ltd.",深圳证券交易所,Shenzhen Stock Exchange,0.039
632,2023-06-30,000906,中证800,CSI 800,603233,大参林,"DaShenLin Pharmaceutical Group Co., Ltd.",上海证券交易所,Shanghai Stock Exchange,0.05
633,2023-06-30,000906,中证800,CSI 800,300682,朗新科技,"Longshine Technology Group Co., Ltd.",深圳证券交易所,Shenzhen Stock Exchange,0.06
634,2023-06-30,000906,中证800,CSI 800,603127,昭衍新药,"JOINN LABORATORIES (CHINA) CO.,LTD.",上海证券交易所,Shanghai Stock Exchange,0.043
635,2023-06-30,000906,中证800,CSI 800,300699,光威复材,"Weihai Guangwei Composites Co.,Ltd.",深圳证券交易所,Shenzhen Stock Exchange,0.07
636,2023-06-30,000906,中证800,CSI 800,603882,金域医学,"Guangzhou Kingmed Diagnostics Group Co., Ltd.",上海证券交易所,Shanghai Stock Exchange,0.082
637,2023-06-30,000906,中证800,CSI 800,002901,大博医疗,Double Medical Technology Inc.,深圳证券交易所,Shenzhen Stock Exchange,0.007
638,2023-06-30,000906,中证800,CSI 800,601108,财通证券,"CAITONG SECURITIES CO.,LTD.",上海证券交易所,Shanghai Stock Exchange,0.092
639,2023-06-30,000906,中证800,CSI 800,603260,合盛硅业,"HOSHINE SILICON INDUSTRY CO.,LTD",上海证券交易所,Shanghai Stock Exchange,0.097
640,2023-06-30,000906,中证800,CSI 800,603659,璞泰来,"Shanghai Putailai New Energy Technology Co., Ltd.",上海证券交易所,Shanghai Stock Exchange,0.15
641,2023-06-30,000906,中证800,CSI 800,002916,深南电路,"Shennan Circuits Co., Ltd.",深圳证券交易所,Shenzhen Stock Exchange,0.06
642,2023-06-30,000906,中证800,CSI 800,600025,华能水电,HuanengLancang River Hydropower Inc.,上海证券交易所,Shanghai Stock Exchange,0.05
643,2023-06-30,000906,中证800,CSI 800,002920,德赛西威,"Huizhou Desay SV Automotive Co., Ltd.",深圳证券交易所,Shenzhen Stock Exchange,0.168
644,2023-06-30,000906,中证800,CSI 800,002925,盈趣科技,Xiamen Intretech Inc.,深圳证券交易所,Shenzhen Stock Exchange,0.024
645,2023-06-30,000906,中证800,CSI 800,603056,德邦股份,"DEPPON LOGISTICS Co., LTD.",上海证券交易所,Shanghai Stock Exchange,0.018
646,2023-06-30,000906,中证800,CSI 800,601828,美凯龙,Red Star Macalline Group Corporation Ltd.,上海证券交易所,Shanghai Stock Exchange,0.02
647,2023-06-30,000906,中证800,CSI 800,601838,成都银行,"BANK OF CHENGDU CO., LTD.",上海证券交易所,Shanghai Stock Exchange,0.107
648,2023-06-30,000906,中证800,CSI 800,002926,华西证券,"Huaxi Securities Co., Ltd.",深圳证券交易所,Shenzhen Stock Exchange,0.051
649,2023-06-30,000906,中证800,CSI 800,603156,养元饮品,"Hebei Yangyuan ZhiHui Beverage Co., Ltd.",上海证券交易所,Shanghai Stock Exchange,0.049
650,2023-06-30,000906,中证800,CSI 800,601360,三六零,360 Security Technology Inc.,上海证券交易所,Shanghai Stock Exchange,0.174
651,2023-06-30,000906,中证800,CSI 800,603712,七一二,"Tianjin 712 Communication & Broadcasting Co.,Ltd",上海证券交易所,Shanghai Stock Exchange,0.054
652,2023-06-30,000906,中证800,CSI 800,300741,华宝股份,"Huabao Flavours & Fragrances Co., Ltd",深圳证券交易所,Shenzhen Stock Exchange,0.01
653,2023-06-30,000906,中证800,CSI 800,600901,江苏金租,"Jiangsu Financial Leasing Co.,Ltd.",上海证券交易所,Shanghai Stock Exchange,0.027
654,2023-06-30,000906,中证800,CSI 800,603596,伯特利,"Bethel Automotive Safety Systems Co., Ltd",上海证券交易所,Shanghai Stock Exchange,0.076
655,2023-06-30,000906,中证800,CSI 800,603259,药明康德,"WuXi AppTec Co., Ltd.",上海证券交易所,Shanghai Stock Exchange,0.498
656,2023-06-30,000906,中证800,CSI 800,300454,深信服,Sangfor Technologies Inc.,深圳证券交易所,Shenzhen Stock Exchange,0.11
657,2023-06-30,000906,中证800,CSI 800,603486,科沃斯,"Ecovacs Robotics Co., Ltd.",上海证券交易所,Shanghai Stock Exchange,0.069
658,2023-06-30,000906,中证800,CSI 800,601138,工业富联,"Foxconn Industrial Internet Co., Ltd.",上海证券交易所,Shanghai Stock Exchange,0.39
659,2023-06-30,000906,中证800,CSI 800,300750,宁德时代,"Contemporary Amperex Technology Co., Limited.",深圳证券交易所,Shenzhen Stock Exchange,2.349
660,2023-06-30,000906,中证800,CSI 800,601990,南京证券,"Nanjing Securities Co., Ltd.",上海证券交易所,Shanghai Stock Exchange,0.07
661,2023-06-30,000906,中证800,CSI 800,601066,中信建投,"China Securities Co., Ltd.",上海证券交易所,Shanghai Stock Exchange,0.122
662,2023-06-30,000906,中证800,CSI 800,603650,彤程新材,"Red Avenue New Materials Group Co., Ltd.",上海证券交易所,Shanghai Stock Exchange,0.023
663,2023-06-30,000906,中证800,CSI 800,601869,长飞光纤,Yangtze Optical Fibre and Cable Joint Stock Limited Company,上海证券交易所,Shanghai Stock Exchange,0.018
664,2023-06-30,000906,中证800,CSI 800,300724,捷佳伟创,Shenzhen S.C New Energy Technology Corporation,深圳证券交易所,Shenzhen Stock Exchange,0.122
665,2023-06-30,000906,中证800,CSI 800,002938,鹏鼎控股,"Avary Holding (Shenzhen) Co., Limited",深圳证券交易所,Shenzhen Stock Exchange,0.066
666,2023-06-30,000906,中证800,CSI 800,002936,郑州银行,"BANK OF ZHENGZHOU CO., LTD.",深圳证券交易所,Shenzhen Stock Exchange,0.046
667,2023-06-30,000906,中证800,CSI 800,300748,金力永磁,"JL MAG RARE-EARTH CO., LTD.",深圳证券交易所,Shenzhen Stock Exchange,0.05
668,2023-06-30,000906,中证800,CSI 800,601577,长沙银行,"BANK OF CHANGSHA CO., LTD.",上海证券交易所,Shanghai Stock Exchange,0.061
669,2023-06-30,000906,中证800,CSI 800,300760,迈瑞医疗,"Shenzhen Mindray Bio-Medical Electronics Co., Ltd.",深圳证券交易所,Shenzhen Stock Exchange,0.566
670,2023-06-30,000906,中证800,CSI 800,601162,天风证券,"TIANFENG SECURITIES CO., LTD.",上海证券交易所,Shanghai Stock Exchange,0.08
671,2023-06-30,000906,中证800,CSI 800,002939,长城证券,"CHINA GREAT WALL SECURITIES CO., LTD.",深圳证券交易所,Shenzhen Stock Exchange,0.051
672,2023-06-30,000906,中证800,CSI 800,300751,迈为股份,"Suzhou Maxwell Technologies Co., Ltd.",深圳证券交易所,Shenzhen Stock Exchange,0.092
673,2023-06-30,000906,中证800,CSI 800,601319,中国人保,The People's Insurance Company (Group) of China Limited,上海证券交易所,Shanghai Stock Exchange,0.073
674,2023-06-30,000906,中证800,CSI 800,001872,招商港口,"China Merchants Port Group Co., Ltd.",深圳证券交易所,Shenzhen Stock Exchange,0.016
675,2023-06-30,000906,中证800,CSI 800,603185,弘元绿能,"Hoyuan Green Energy Co., Ltd.",上海证券交易所,Shanghai Stock Exchange,0.06
676,2023-06-30,000906,中证800,CSI 800,601598,中国外运,Sinotrans Limited,上海证券交易所,Shanghai Stock Exchange,0.029
677,2023-06-30,000906,中证800,CSI 800,002945,华林证券,"ChinaLin Securities Co., Ltd.",深圳证券交易所,Shenzhen Stock Exchange,0.014
678,2023-06-30,000906,中证800,CSI 800,601298,青岛港,"Qingdao Port International Co., Ltd",上海证券交易所,Shanghai Stock Exchange,0.019
679,2023-06-30,000906,中证800,CSI 800,601615,明阳智能,MingYangSmartEnergyGroupLimited,上海证券交易所,Shanghai Stock Exchange,0.105
680,2023-06-30,000906,中证800,CSI 800,300759,康龙化成,"Pharmaron Beijing Co., Ltd.",深圳证券交易所,Shenzhen Stock Exchange,0.089
681,2023-06-30,000906,中证800,CSI 800,601865,福莱特,"Flat Glass Group CO.,LTD.",上海证券交易所,Shanghai Stock Exchange,0.076
682,2023-06-30,000906,中证800,CSI 800,600928,西安银行,"BANK OF XI'AN CO., LTD.",上海证券交易所,Shanghai Stock Exchange,0.018
683,2023-06-30,000906,中证800,CSI 800,300763,锦浪科技,"Ginlong Technologies Co., Ltd.",深圳证券交易所,Shenzhen Stock Exchange,0.08
684,2023-06-30,000906,中证800,CSI 800,002958,青农商行,Qingdao Rural Commercial Bank Corporation,深圳证券交易所,Shenzhen Stock Exchange,0.041
685,2023-06-30,000906,中证800,CSI 800,603379,三美股份,"Zhejiang Sanmei Chemical Industry Co., Ltd.",上海证券交易所,Shanghai Stock Exchange,0.022
686,2023-06-30,000906,中证800,CSI 800,300769,德方纳米,"Shenzhen Dynanonic Co., Ltd.",深圳证券交易所,Shenzhen Stock Exchange,0.096
687,2023-06-30,000906,中证800,CSI 800,603317,天味食品,"Sichuan Teway Food Group Co.,Ltd",上海证券交易所,Shanghai Stock Exchange,0.018
688,2023-06-30,000906,中证800,CSI 800,603267,鸿远电子,"Beijing Yuanliu Hongyuan Electronic Technology Co., Ltd.",上海证券交易所,Shanghai Stock Exchange,0.041
689,2023-06-30,000906,中证800,CSI 800,600989,宝丰能源,"Ningxia Baofeng Energy Group Co., Ltd.",上海证券交易所,Shanghai Stock Exchange,0.108
690,2023-06-30,000906,中证800,CSI 800,300776,帝尔激光,"Wuhan DR Laser Technology Corp., Ltd.",深圳证券交易所,Shenzhen Stock Exchange,0.034
691,2023-06-30,000906,中证800,CSI 800,300782,卓胜微,Maxscend Microelectronics Company Limited,深圳证券交易所,Shenzhen Stock Exchange,0.141
692,2023-06-30,000906,中证800,CSI 800,600968,海油发展,CNOOC Energy Technology & Services Limited,上海证券交易所,Shanghai Stock Exchange,0.024
693,2023-06-30,000906,中证800,CSI 800,601698,中国卫通,"China Satellite Communications Co.,Ltd.",上海证券交易所,Shanghai Stock Exchange,0.033
694,2023-06-30,000906,中证800,CSI 800,601236,红塔证券,"HONGTA SECURITIES CO., LTD.",上海证券交易所,Shanghai Stock Exchange,0.027
695,2023-06-30,000906,中证800,CSI 800,688002,睿创微纳,"Raytron Technology Co.,Ltd",上海证券交易所,Shanghai Stock Exchange,0.062
696,2023-06-30,000906,中证800,CSI 800,688006,杭可科技,Zhejiang HangKe Technology Incorporated Company,上海证券交易所,Shanghai Stock Exchange,0.029
697,2023-06-30,000906,中证800,CSI 800,688008,澜起科技,"Montage Technology Co., Ltd.",上海证券交易所,Shanghai Stock Exchange,0.178
698,2023-06-30,000906,中证800,CSI 800,688012,中微公司,Advanced Micro-Fabrication Equipment Inc. China,上海证券交易所,Shanghai Stock Exchange,0.264
699,2023-06-30,000906,中证800,CSI 800,688009,中国通号,China Railway Signal & Communication Corporation Limited,上海证券交易所,Shanghai Stock Exchange,0.058
700,2023-06-30,000906,中证800,CSI 800,688005,容百科技,"Ningbo Ronbay New Energy Technology Co., Ltd.",上海证券交易所,Shanghai Stock Exchange,0.066
701,2023-06-30,000906,中证800,CSI 800,688029,南微医学,"Micro-Tech (Nanjing) Co.,Ltd",上海证券交易所,Shanghai Stock Exchange,0.03
702,2023-06-30,000906,中证800,CSI 800,002966,苏州银行,"BANK OF SUZHOU CO., LTD.",深圳证券交易所,Shenzhen Stock Exchange,0.093
703,2023-06-30,000906,中证800,CSI 800,688188,柏楚电子,SHANGHAI FRIENDESS ELECTRONICS TECHNOLOGY CORPORATION LIMITED,上海证券交易所,Shanghai Stock Exchange,0.043
704,2023-06-30,000906,中证800,CSI 800,688099,晶晨股份,"Amlogic (Shanghai) Co., Ltd.",上海证券交易所,Shanghai Stock Exchange,0.096
705,2023-06-30,000906,中证800,CSI 800,003816,中国广核,"CGN Power Co., Ltd.",深圳证券交易所,Shenzhen Stock Exchange,0.095
706,2023-06-30,000906,中证800,CSI 800,603927,中科软,"Sinosoft Co.,Ltd",上海证券交易所,Shanghai Stock Exchange,0.053
707,2023-06-30,000906,中证800,CSI 800,688116,天奈科技,"Jiangsu Cnano Technology Co., Ltd.",上海证券交易所,Shanghai Stock Exchange,0.041
708,2023-06-30,000906,中证800,CSI 800,688036,传音控股,"SHENZHEN TRANSSION HOLDINGS CO., LTD.",上海证券交易所,Shanghai Stock Exchange,0.184
709,2023-06-30,000906,中证800,CSI 800,603786,科博达,"KEBODA TECHNOLOGY Co., Ltd.",上海证券交易所,Shanghai Stock Exchange,0.021
710,2023-06-30,000906,中证800,CSI 800,601077,渝农商行,"Chongqing Rural Commercial Bank Co., Ltd.",上海证券交易所,Shanghai Stock Exchange,0.087
711,2023-06-30,000906,中证800,CSI 800,688363,华熙生物,Bloomage Biotechnology Corporation Limited,上海证券交易所,Shanghai Stock Exchange,0.067
712,2023-06-30,000906,中证800,CSI 800,688111,金山办公,"Beijing Kingsoft Office Software, Inc.",上海证券交易所,Shanghai Stock Exchange,0.339
713,2023-06-30,000906,中证800,CSI 800,601658,邮储银行,"POSTAL SAVINGS BANK OF CHINA CO., LTD.",上海证券交易所,Shanghai Stock Exchange,0.211
714,2023-06-30,000906,中证800,CSI 800,001914,招商积余,"China Merchants Property Operation & Service Co., Ltd.",深圳证券交易所,Shenzhen Stock Exchange,0.025
715,2023-06-30,000906,中证800,CSI 800,601816,京沪高铁,"Beijing-Shanghai High Speed Railway Co.,Ltd",上海证券交易所,Shanghai Stock Exchange,0.503
716,2023-06-30,000906,中证800,CSI 800,603290,斯达半导,StarPower Semiconductor Ltd.,上海证券交易所,Shanghai Stock Exchange,0.072
717,2023-06-30,000906,中证800,CSI 800,603195,公牛集团,"GONGNIU GROUP CO., LTD.",上海证券交易所,Shanghai Stock Exchange,0.043
718,2023-06-30,000906,中证800,CSI 800,603893,瑞芯微,"Fuzhou Rockchip Electronics Co., Ltd.",上海证券交易所,Shanghai Stock Exchange,0.047
719,2023-06-30,000906,中证800,CSI 800,688208,道通科技,"Autel Intelligent Technology Corp.,Ltd.",上海证券交易所,Shanghai Stock Exchange,0.032
720,2023-06-30,000906,中证800,CSI 800,688200,华峰测控,"Beijing Huafeng Test & Control Technology Co., Ltd.",上海证券交易所,Shanghai Stock Exchange,0.048
721,2023-06-30,000906,中证800,CSI 800,688169,石头科技,"Beijing Roborock Technology Co., Ltd.",上海证券交易所,Shanghai Stock Exchange,0.07
722,2023-06-30,000906,中证800,CSI 800,601696,中银证券,"BOC International (China) Co., Ltd.",上海证券交易所,Shanghai Stock Exchange,0.069
723,2023-06-30,000906,中证800,CSI 800,688396,华润微,China Resources Microelectronics Limited,上海证券交易所,Shanghai Stock Exchange,0.108
724,2023-06-30,000906,中证800,CSI 800,688126,沪硅产业,"National Silicon Industry Group Co.,Ltd.",上海证券交易所,Shanghai Stock Exchange,0.111
725,2023-06-30,000906,中证800,CSI 800,002985,北摩高科,"BEIJING BEI MO GAO KE FRICTION MATERIAL CO., LTD.",深圳证券交易所,Shenzhen Stock Exchange,0.034
726,2023-06-30,000906,中证800,CSI 800,603392,万泰生物,"BEIJING WANTAI BIOLOGICAL PHARMACY ENTERPRISE CO., LTD.",上海证券交易所,Shanghai Stock Exchange,0.099
727,2023-06-30,000906,中证800,CSI 800,300832,新产业,"Shenzhen New Industries Biomedical Engineering Co., Ltd.",深圳证券交易所,Shenzhen Stock Exchange,0.072
728,2023-06-30,000906,中证800,CSI 800,601778,晶科科技,"Jinko Power Technology Co., Ltd.",上海证券交易所,Shanghai Stock Exchange,0.034
729,2023-06-30,000906,中证800,CSI 800,688516,奥特维,"Wuxi Autowell Technology Co.,Ltd.",上海证券交易所,Shanghai Stock Exchange,0.057
730,2023-06-30,000906,中证800,CSI 800,600918,中泰证券,"ZHONGTAI SECURITIES CO., LTD.",上海证券交易所,Shanghai Stock Exchange,0.075
731,2023-06-30,000906,中证800,CSI 800,688599,天合光能,"Trina Solar Co., Ltd.",上海证券交易所,Shanghai Stock Exchange,0.18
732,2023-06-30,000906,中证800,CSI 800,688520,神州细胞,Sinocelltech Group Limited,上海证券交易所,Shanghai Stock Exchange,0.03
733,2023-06-30,000906,中证800,CSI 800,600956,新天绿能,China Suntien Green Energy Corporation Limited,上海证券交易所,Shanghai Stock Exchange,0.01
734,2023-06-30,000906,中证800,CSI 800,300850,新强联,"Luoyang Xinqianglian Slewing Bearings Co.,Ltd.",深圳证券交易所,Shenzhen Stock Exchange,0.029
735,2023-06-30,000906,中证800,CSI 800,688981,中芯国际,Semiconductor Manufacturing International Corporation,上海证券交易所,Shanghai Stock Exchange,0.385
736,2023-06-30,000906,中证800,CSI 800,688567,孚能科技,"Farasis Energy (Gan Zhou) Co., Ltd.",上海证券交易所,Shanghai Stock Exchange,0.072
737,2023-06-30,000906,中证800,CSI 800,688256,寒武纪,Cambricon Technologies Corporation Limited,上海证券交易所,Shanghai Stock Exchange,0.152
738,2023-06-30,000906,中证800,CSI 800,688561,奇安信,Qi An Xin Technology Group Inc.,上海证券交易所,Shanghai Stock Exchange,0.055
739,2023-06-30,000906,中证800,CSI 800,601456,国联证券,"Guolian Securities Co.,Ltd.",上海证券交易所,Shanghai Stock Exchange,0.042
740,2023-06-30,000906,中证800,CSI 800,688065,凯赛生物,Cathay Biotech Inc.,上海证券交易所,Shanghai Stock Exchange,0.042
741,2023-06-30,000906,中证800,CSI 800,688185,康希诺,CanSino Biologics Inc.,上海证券交易所,Shanghai Stock Exchange,0.022
742,2023-06-30,000906,中证800,CSI 800,300861,美畅股份,"Yangling Metron New Material Co., Ltd.",深圳证券交易所,Shenzhen Stock Exchange,0.032
743,2023-06-30,000906,中证800,CSI 800,688521,芯原股份,"VeriSilicon Microelectronics (Shanghai) Co., Ltd.",上海证券交易所,Shanghai Stock Exchange,0.07
744,2023-06-30,000906,中证800,CSI 800,300866,安克创新,"Anker Innovations Technology Co., Ltd",深圳证券交易所,Shenzhen Stock Exchange,0.069
745,2023-06-30,000906,中证800,CSI 800,688289,圣湘生物,Sansure Biotech Inc.,上海证券交易所,Shanghai Stock Exchange,0.019
746,2023-06-30,000906,中证800,CSI 800,688390,固德威,"Jiangsu GoodWe Power Supply Technology Co., Ltd.",上海证券交易所,Shanghai Stock Exchange,0.067
747,2023-06-30,000906,中证800,CSI 800,605358,立昂微,"Hangzhou Lion Electronics Co.,Ltd",上海证券交易所,Shanghai Stock Exchange,0.077
748,2023-06-30,000906,中证800,CSI 800,300888,稳健医疗,"Winner Medical Co., Ltd.",深圳证券交易所,Shenzhen Stock Exchange,0.039
749,2023-06-30,000906,中证800,CSI 800,688301,奕瑞科技,iRay Technology Company Limited,上海证券交易所,Shanghai Stock Exchange,0.056
750,2023-06-30,000906,中证800,CSI 800,688536,思瑞浦,3PEAK INCORPORATED,上海证券交易所,Shanghai Stock Exchange,0.061
751,2023-06-30,000906,中证800,CSI 800,300896,爱美客,"IMEIK TECHNOLOGY DEVELOPMENT CO.,LTD.",深圳证券交易所,Shenzhen Stock Exchange,0.187
752,2023-06-30,000906,中证800,CSI 800,300999,金龙鱼,"Yihai Kerry Arawana Holdings Co., Ltd",深圳证券交易所,Shenzhen Stock Exchange,0.093
753,2023-06-30,000906,中证800,CSI 800,601568,北元集团,"Shaanxi Beiyuan Chemical Industry Group Co., Ltd.",上海证券交易所,Shanghai Stock Exchange,0.024
754,2023-06-30,000906,中证800,CSI 800,601187,厦门银行,"Xiamen Bank Co., Ltd.",上海证券交易所,Shanghai Stock Exchange,0.026
755,2023-06-30,000906,中证800,CSI 800,689009,九号公司,Ninebot Limited,上海证券交易所,Shanghai Stock Exchange,0.062
756,2023-06-30,000906,中证800,CSI 800,601995,中金公司,China International Capital Corporation Limited,上海证券交易所,Shanghai Stock Exchange,0.121
757,2023-06-30,000906,中证800,CSI 800,688777,中控技术,"Zhejiang Supcon Technology Co., Ltd.",上海证券交易所,Shanghai Stock Exchange,0.115
758,2023-06-30,000906,中证800,CSI 800,300919,中伟股份,"CNGR Advanced Material Co.,Ltd.",深圳证券交易所,Shenzhen Stock Exchange,0.063
759,2023-06-30,000906,中证800,CSI 800,688819,天能股份,"Tianneng Battery Group Co.,Ltd.",上海证券交易所,Shanghai Stock Exchange,0.02
760,2023-06-30,000906,中证800,CSI 800,003035,南网能源,"China Southern Power Grid Energy Efficiency&Clean Energy Co.,Ltd.",深圳证券交易所,Shenzhen Stock Exchange,0.042
761,2023-06-30,000906,中证800,CSI 800,300957,贝泰妮,"Yunnan Botanee Bio-Technology Group Co., Ltd.",深圳证券交易所,Shenzhen Stock Exchange,0.044
762,2023-06-30,000906,中证800,CSI 800,605117,德业股份,"Ningbo Deye Technology Co., Ltd.",上海证券交易所,Shanghai Stock Exchange,0.1
763,2023-06-30,000906,中证800,CSI 800,300979,华利集团,Huali Industrial Group Company Limited,深圳证券交易所,Shenzhen Stock Exchange,0.029
764,2023-06-30,000906,中证800,CSI 800,600906,财达证券,"CAIDA SECURITIES CO., LTD.",上海证券交易所,Shanghai Stock Exchange,0.036
765,2023-06-30,000906,中证800,CSI 800,001203,大中矿业,"Inner Mongolia Dazhong Mining Co., Ltd.",深圳证券交易所,Shenzhen Stock Exchange,0.02
766,2023-06-30,000906,中证800,CSI 800,600032,浙江新能,"Zhejiang Provincial New Energy Investment Group Co., Ltd.",上海证券交易所,Shanghai Stock Exchange,0.011
767,2023-06-30,000906,中证800,CSI 800,605499,东鹏饮料,"Eastroc Beverage (Group) Co.,Ltd.",上海证券交易所,Shanghai Stock Exchange,0.03
768,2023-06-30,000906,中证800,CSI 800,688538,和辉光电,"Everdisplay Optronics (Shanghai) Co., Ltd.",上海证券交易所,Shanghai Stock Exchange,0.041
769,2023-06-30,000906,中证800,CSI 800,601156,东航物流,"Eastern Air Logistics Co., Ltd.",上海证券交易所,Shanghai Stock Exchange,0.024
770,2023-06-30,000906,中证800,CSI 800,600905,三峡能源,"China Three Gorges Renewables (Group) Co.,Ltd.",上海证券交易所,Shanghai Stock Exchange,0.299
771,2023-06-30,000906,中证800,CSI 800,603529,爱玛科技,"AIMA TECHNOLOGY GROUP CO.,LTD.",上海证券交易所,Shanghai Stock Exchange,0.032
772,2023-06-30,000906,中证800,CSI 800,601665,齐鲁银行,"QILU BANK CO., LTD.",上海证券交易所,Shanghai Stock Exchange,0.035
773,2023-06-30,000906,中证800,CSI 800,688690,纳微科技,"SUZHOU NANOMICRO TECHNOLOGY CO., LTD.",上海证券交易所,Shanghai Stock Exchange,0.031
774,2023-06-30,000906,中证800,CSI 800,688276,百克生物,Changchun BCHT Biotechnology Co.,上海证券交易所,Shanghai Stock Exchange,0.03
775,2023-06-30,000906,中证800,CSI 800,688303,大全能源,"XinJiang Daqo New Energy Co.,Ltd",上海证券交易所,Shanghai Stock Exchange,0.101
776,2023-06-30,000906,中证800,CSI 800,301029,怡合达,"Dongguan Yiheda Automation Co., Ltd.",深圳证券交易所,Shenzhen Stock Exchange,0.03
777,2023-06-30,000906,中证800,CSI 800,688385,复旦微电,"Shanghai Fudan Microelectronics Group CO.,LTD.",上海证券交易所,Shanghai Stock Exchange,0.052
778,2023-06-30,000906,中证800,CSI 800,688778,厦钨新能,"XTC New Energy Materials (Xiamen) Co.,Ltd.",上海证券交易所,Shanghai Stock Exchange,0.032
779,2023-06-30,000906,中证800,CSI 800,688779,长远锂科,"Hunan Changyuan Lico Co.,Ltd.",上海证券交易所,Shanghai Stock Exchange,0.042
780,2023-06-30,000906,中证800,CSI 800,601728,中国电信,China Telecom Corporation Limited,上海证券交易所,Shanghai Stock Exchange,0.34
781,2023-06-30,000906,中证800,CSI 800,688187,时代电气,"Zhuzhou CRRC Times Electric Co., Ltd.",上海证券交易所,Shanghai Stock Exchange,0.042
782,2023-06-30,000906,中证800,CSI 800,601868,中国能建,China Energy Engineering Corporation Limited,上海证券交易所,Shanghai Stock Exchange,0.118
783,2023-06-30,000906,中证800,CSI 800,688772,珠海冠宇,"Zhuhai CosMX Battery Co., Ltd.",上海证券交易所,Shanghai Stock Exchange,0.053
784,2023-06-30,000906,中证800,CSI 800,688107,安路科技,"Shanghai Anlogic Infotech Co., Ltd.",上海证券交易所,Shanghai Stock Exchange,0.026
785,2023-06-30,000906,中证800,CSI 800,688105,诺唯赞,"Nanjing Vazyme Biotech Co., Ltd.",上海证券交易所,Shanghai Stock Exchange,0.014
786,2023-06-30,000906,中证800,CSI 800,688082,盛美上海,"ACM Research (Shanghai) ,Inc.",上海证券交易所,Shanghai Stock Exchange,0.037
787,2023-06-30,000906,中证800,CSI 800,688248,南网科技,"ChinaSouthernPowerGridTechnologyCo.,Ltd.",上海证券交易所,Shanghai Stock Exchange,0.013
788,2023-06-30,000906,中证800,CSI 800,600927,永安期货,"Yongan Futures Co., Ltd.",上海证券交易所,Shanghai Stock Exchange,0.018
789,2023-06-30,000906,中证800,CSI 800,600941,中国移动,China Mobile Limited,上海证券交易所,Shanghai Stock Exchange,0.328
790,2023-06-30,000906,中证800,CSI 800,688234,天岳先进,"SICC CO., LTD.",上海证券交易所,Shanghai Stock Exchange,0.025
791,2023-06-30,000906,中证800,CSI 800,688220,翱捷科技,"ASR Microelectronics Co., Ltd.",上海证券交易所,Shanghai Stock Exchange,0.061
792,2023-06-30,000906,中证800,CSI 800,001227,兰州银行,"BANK OF LANZHOU CO., LTD.",深圳证券交易所,Shenzhen Stock Exchange,0.032
793,2023-06-30,000906,中证800,CSI 800,001289,龙源电力,China Longyuan Power Group Corporation Limited,深圳证券交易所,Shenzhen Stock Exchange,0.013
794,2023-06-30,000906,中证800,CSI 800,688223,晶科能源,"Jinko Solar Co., Ltd.",上海证券交易所,Shanghai Stock Exchange,0.109
795,2023-06-30,000906,中证800,CSI 800,688281,华秦科技,"Shaanxi Huaqin Technology Industry Co., Ltd.",上海证券交易所,Shanghai Stock Exchange,0.033
796,2023-06-30,000906,中证800,CSI 800,688295,中复神鹰,"Zhongfu Shenying Carbon Fiber Co.,Ltd.",上海证券交易所,Shanghai Stock Exchange,0.012
797,2023-06-30,000906,中证800,CSI 800,688072,拓荆科技,Piotech Inc.,上海证券交易所,Shanghai Stock Exchange,0.063
798,2023-06-30,000906,中证800,CSI 800,688052,纳芯微,"Suzhou Novosense Microelectronics Co., Ltd.",上海证券交易所,Shanghai Stock Exchange,0.026
799,2023-06-30,000906,中证800,CSI 800,601136,首创证券,Capital Securities Corporation Limited,上海证券交易所,Shanghai Stock Exchange,0.017
